ID,NAME,Address,Phone_Number,Email
075808550,Cyril,25893 Golf Center,056-337-0092,cwitling0@wikimedia.org
460588633,Pearla,8812 Doe Crossing Alley,057-386-6996,pbartocci1@dailymail.co.uk
099499204,Fayre,62703 Hazelcrest Drive,050-511-8866,fcone2@pcworld.com
475383606,Rafaelita,70890 Graceland Place,050-978-7168,rwille3@vk.com
022866438,Ezequiel,53595 Maywood Road,051-769-0060,ehalsted4@zimbio.com
738328922,Lorrin,07 Independence Road,054-403-1781,ldownham5@google.com
372696487,Fritz,90 Kings Avenue,052-323-7163,fcromar6@europa.eu
711738046,Lyndel,71 Stoughton Plaza,056-007-1726,lograda7@jiathis.com
710775325,Tomkin,052 Cardinal Place,056-555-0199,tstrothers8@upenn.edu
992781160,Salvador,2165 Eastwood Pass,051-276-1800,sreveland9@baidu.com
500061903,Delora,37 Lotheville Alley,052-795-7694,drevilla@com.com
346146468,Arvy,0 Ilene Way,052-427-9558,aoheneghanb@weebly.com
205977487,Pen,042 Golden Leaf Junction,052-092-1316,pfitchenc@shutterfly.com
671089616,Ced,36 Maywood Avenue,059-394-5379,cardend@wikipedia.org
538982028,Oriana,374 Manufacturers Junction,052-188-1303,oberzine@tmall.com
631942593,Cross,09 Mesta Trail,054-491-1364,cworsellf@amazonaws.com
393217597,Renado,38855 Grover Way,059-363-7625,rkurteng@vk.com
143002457,Olivia,3 Goodland Trail,058-763-9803,orachuigh@hexun.com
886175734,Kendra,10186 Basil Alley,056-401-8593,kdedoni@go.com
858729129,Bailey,3403 Blackbird Pass,056-641-5333,bmcgunleyj@jiathis.com
613862805,Field,176 Monument Pass,056-371-9846,frraundlk@tiny.cc
622587017,Joya,00580 David Lane,055-762-2719,jhawksleel@t.co
361740965,Liza,65 Sage Court,054-091-1151,lwiltonm@state.gov
533248531,Sondra,56 Fallview Crossing,057-403-5678,sslanen@theglobeandmail.com
454574116,Jobyna,56879 Namekagon Court,050-975-7423,jdubbino@sbwire.com
045487611,Denyse,5413 Glendale Pass,057-361-8887,dmylesp@npr.org
327408327,Valentino,9503 Eggendart Park,054-531-1774,vbottingq@epa.gov
819427713,Woody,79161 Arizona Parkway,056-884-6570,wrappr@google.com.br
476059890,Carlye,64410 Almo Crossing,057-774-2548,cfaircloths@home.pl
330474319,Peggie,5137 Cardinal Street,055-838-0340,petridget@theguardian.com
789569001,Pet,78239 Toban Center,050-330-6474,pfordu@yellowpages.com
025287028,Shirl,965 Rockefeller Alley,055-841-2898,sfoxwellv@princeton.edu
104520964,Findley,7994 Thierer Hill,054-892-2227,flabronew@addthis.com
261184594,Kirbie,433 Prairieview Lane,054-293-1819,kreimsx@dailymail.co.uk
434192002,Freemon,463 Jana Point,054-679-4823,fbudgety@php.net
138266928,Lilah,87 Transport Trail,055-453-3714,lfowlerz@ebay.com
851998616,Wiley,61093 Boyd Parkway,053-359-5219,wlinsley10@ca.gov
027674204,Alma,9 Lillian Pass,056-880-3201,areek11@theguardian.com
771097726,Alexia,381 Myrtle Pass,050-875-7222,aesselin12@yolasite.com
693874422,Lora,82 Dennis Lane,052-832-9082,lcasarino13@cisco.com
272421763,Annelise,1306 Stoughton Pass,056-300-2507,aouver14@fastcompany.com
793998224,Palm,60 Calypso Alley,057-265-2360,pwateridge15@theatlantic.com
060977664,Merry,88 Schmedeman Way,054-774-1138,mmostin16@scientificamerican.com
906226351,Andrew,85 Helena Circle,059-656-8939,arozanski17@vkontakte.ru
994293863,Nari,85 Reinke Point,055-651-7437,nveall18@theatlantic.com
247570411,Angil,84 Algoma Avenue,050-614-3238,aboullen19@pen.io
430879348,Bryant,08268 New Castle Parkway,053-161-8777,blenney1a@e-recht24.de
378841848,Verina,171 Pierstorff Alley,057-755-1241,vrottgers1b@wikia.com
903015731,Fairlie,91 Stone Corner Way,052-602-5453,fsanz1c@studiopress.com
229807934,Bordie,5980 Hazelcrest Park,056-050-2732,bmorrant1d@newyorker.com
597133336,Janka,9387 Sycamore Place,051-339-3003,jcranmere1e@soup.io
777345722,Toma,3 Barnett Lane,053-707-6774,tkestell1f@nationalgeographic.com
775142603,Coleman,8888 Division Plaza,054-860-7574,cbroadis1g@istockphoto.com
721230844,Adelind,6 Eastlawn Junction,050-326-7229,aseaking1h@ucla.edu
420627145,Jon,79 Sommers Parkway,050-932-1827,jshone1i@un.org
531232151,Meredeth,79674 Towne Way,052-632-6595,mmarikhin1j@irs.gov
974282882,Millard,30 Darwin Way,057-457-7744,mwinsley1k@sciencedirect.com
773880066,Wilek,71637 Derek Trail,059-895-8061,wglasscoo1l@senate.gov
957308461,Dolley,1 Fremont Road,051-702-3628,dloughhead1m@github.com
092464845,Orran,31 Sunbrook Way,055-456-4072,othreadkell1n@state.tx.us
137768711,Nathanael,3007 Doe Crossing Hill,054-710-2191,ndicarli1o@goo.ne.jp
046254338,Ida,41 Merry Parkway,055-299-0221,ibranchett1p@fema.gov
839592323,Kylila,911 West Pass,054-580-5883,kpleace1q@booking.com
625176387,Carol-jean,4082 Johnson Drive,052-220-6374,cmcgill1r@slate.com
655609416,Vannie,460 Transport Court,055-463-6783,vlarking1s@google.com.br
375566653,Tobye,821 Artisan Parkway,051-228-9024,tvivash1t@pinterest.com
848488791,Trumaine,3070 Monterey Junction,057-926-2381,tsearsby1u@dagondesign.com
106871333,Simonette,48 Di Loreto Alley,050-124-4448,sbramo1v@netlog.com
403335889,Cully,13 Walton Alley,059-889-4641,clodford1w@fema.gov
764993362,Darcey,0629 Ridgeway Lane,058-396-7714,ddarrigo1x@paypal.com
431052441,Bordie,9829 Reinke Park,057-819-5313,bandreacci1y@loc.gov
304413166,Ryann,29 Thierer Hill,051-833-0524,rthorneley1z@discuz.net
089473194,Ransom,032 Shasta Street,059-418-0950,rfrank20@umn.edu
604246769,Coretta,5457 Laurel Terrace,053-810-1138,clangton21@zdnet.com
147050197,Bendick,03646 Muir Terrace,057-992-2719,bsievewright22@narod.ru
565761340,Juana,44 Fair Oaks Court,058-099-0648,jmacmakin23@canalblog.com
240676580,Alejandra,81 North Street,058-290-7909,ajeannesson24@de.vu
366136915,Jodee,7657 Lerdahl Place,057-570-1470,jgumbrell25@mtv.com
303077071,Beniamino,7427 Jenna Place,053-999-6544,blewsie26@blogtalkradio.com
932693667,Barrie,5345 Pierstorff Center,051-723-4097,bkonig27@sohu.com
922633104,Micheil,8 Fordem Parkway,055-140-2012,mpenning28@xing.com
275869007,Em,9 Oneill Crossing,050-800-7731,ethresh29@dagondesign.com
043091725,Ingrid,9651 Gateway Point,050-127-5414,inosworthy2a@about.me
612444595,Xylia,497 Arrowood Circle,053-291-2474,xsongust2b@engadget.com
023634789,Fin,3540 8th Place,053-558-0792,fdigle2c@privacy.gov.au
265016234,Aurora,647 Golf Lane,054-483-0602,agarmey2d@virginia.edu
187120458,Corrianne,93 Prairie Rose Center,057-118-9641,csleford2e@bbc.co.uk
455408978,Herc,28 Saint Paul Street,050-067-4184,hevetts2f@sfgate.com
355885766,Ardella,81 Schiller Terrace,055-871-7299,aprozescky2g@google.ca
990082798,Gayle,0 Waubesa Place,057-415-1332,gpietrasik2h@feedburner.com
307456809,Honor,81 International Way,057-509-8553,htilberry2i@list-manage.com
257179780,Britney,3095 Division Place,053-771-4353,bnormanville2j@earthlink.net
344667927,Isidor,964 Beilfuss Court,058-646-0663,icalendar2k@ow.ly
039176841,Lorianna,0 Caliangt Alley,059-033-0452,lfeighney2l@clickbank.net
004607610,Ricardo,2 Melby Center,055-366-6019,rberre2m@netlog.com
221423670,Ailyn,74 Center Junction,057-636-2198,abrownlie2n@yahoo.co.jp
303387406,Fionnula,3662 Hauk Hill,050-220-9616,fpiniur2o@alibaba.com
299043765,Gabrila,399 Scoville Point,059-025-5822,gspadelli2p@salon.com
657624453,Marinna,15 Hovde Parkway,057-282-7809,mtrickey2q@gizmodo.com
500937477,Elvyn,1712 Kingsford Pass,050-121-1317,ecumpsty2r@usgs.gov
908213685,Tabor,948 Heath Plaza,056-304-6684,tbarrus2s@pinterest.com
757307558,Ysabel,316 Aberg Center,054-829-0780,yvlies2t@nps.gov
911138794,Barb,99 Algoma Street,056-844-4974,bmcmichell2u@wikipedia.org
574700638,Krysta,448 Bultman Park,058-252-1680,kridgley2v@cornell.edu
845490264,Perry,47 Ludington Terrace,053-055-8764,pscurrey2w@ebay.co.uk
870752201,Barbi,833 Center Pass,058-674-4548,bgaucher2x@craigslist.org
861635578,Jodi,611 Redwing Way,054-108-8466,jtrehearne2y@hibu.com
666053344,Elke,09 Arapahoe Junction,058-759-9179,ehedlestone2z@about.com
177465193,Suzette,135 Calypso Trail,053-936-8354,swebster30@rediff.com
871105193,Quintin,927 Northwestern Street,050-824-0925,qcopperwaite31@tumblr.com
781371014,Madelin,77 Crowley Drive,058-521-4804,mbagniuk32@slideshare.net
824428004,Dean,29303 Loftsgordon Place,055-647-5832,dsainsburybrown33@eventbrite.com
910041616,Kath,8153 Pond Hill,052-800-4386,kgeldeford34@sun.com
667378468,Viviene,01990 Sommers Hill,050-289-9222,vdarnborough35@xinhuanet.com
066019613,Jillana,94 Bowman Circle,057-308-5909,jbohills36@chicagotribune.com
124554787,Morissa,61252 Glendale Parkway,059-255-8037,mpomeroy37@sogou.com
477632213,Hillier,3688 Forest Run Crossing,057-532-6351,hlebrun38@fc2.com
456849660,Fernandina,4 Ridge Oak Drive,050-600-0432,ftivenan39@slideshare.net
828263651,Mabelle,009 Arkansas Plaza,059-317-2959,mtrevorrow3a@xing.com
226355731,Roarke,30277 Burning Wood Trail,052-380-7059,rcloke3b@pinterest.com
987744930,Latisha,3709 Blaine Court,053-127-2654,lstuckes3c@creativecommons.org
413197333,Welsh,35941 Bluejay Parkway,057-496-5544,wbridat3d@plala.or.jp
960207441,Alister,4 Hauk Alley,054-088-8510,aminghi3e@discovery.com
487216003,Ely,5012 Spaight Drive,054-351-6760,ebeste3f@reuters.com
226072439,Hedwig,8128 Spaight Road,053-770-4449,hgleave3g@fastcompany.com
262308311,Harris,1899 Fisk Circle,050-412-8018,hstockill3h@surveymonkey.com
885228783,Gilles,869 Sutherland Street,059-805-0711,gmaccarter3i@squidoo.com
048311726,Delmore,4361 Karstens Parkway,058-949-5500,dsonger3j@sitemeter.com
947230028,Chucho,8117 4th Drive,050-567-0650,cvonoertzen3k@arstechnica.com
001451444,Sampson,93464 Beilfuss Lane,052-793-4138,spodmore3l@state.gov
496623714,Vinson,05 Texas Place,057-770-1507,voager3m@technorati.com
052556980,Nickie,1302 Nobel Hill,059-288-3482,ngodding3n@slate.com
972195432,Steffen,85121 Ridgeway Avenue,056-525-7031,soshevlin3o@techcrunch.com
374412319,Noell,79 Lighthouse Bay Pass,057-177-0945,nspurge3p@meetup.com
836910457,Georgia,9517 Portage Circle,059-803-5916,gchucks3q@odnoklassniki.ru
012032151,Michele,2 Kinsman Center,055-255-4652,mmckelvie3r@craigslist.org
878628273,Ferne,38 Mayer Center,055-313-1604,fpetrussi3s@gravatar.com
514151250,Ardith,4110 Fair Oaks Lane,050-842-6752,adotterill3t@rediff.com
861529450,Karlie,9 Longview Avenue,051-866-4810,kertelt3u@china.com.cn
444276383,Simmonds,8 Hayes Park,052-122-7766,ssprason3v@shareasale.com
852789812,Lilia,132 Eastwood Hill,059-950-1707,lpfleger3w@bigcartel.com
077604807,Dedra,3544 8th Street,057-145-1117,dsmithe3x@addtoany.com
336586169,Winna,57214 Washington Plaza,051-511-4710,whatter3y@thetimes.co.uk
368515304,Annette,0 Hazelcrest Plaza,053-977-6665,abriztman3z@opensource.org
351702943,Rollo,5 Banding Pass,053-715-2806,rlarkworthy40@github.io
293429552,Dwain,6 Fuller Crossing,056-306-7038,dbowdon41@spotify.com
143031595,Zelda,184 Rusk Street,053-244-4099,zcrecy42@vimeo.com
310057167,Nicky,87 Lerdahl Circle,052-981-3434,npedron43@usgs.gov
275354182,Rodd,1 Ronald Regan Road,051-342-5373,rtevelov44@vk.com
378271606,Tara,03 Ridgeway Street,055-247-3066,tkennelly45@tuttocitta.it
567747047,Kissiah,3 New Castle Terrace,055-697-1681,kduckers46@about.com
282284452,Yoshiko,24297 Wayridge Street,051-823-2569,ywestrope47@merriam-webster.com
195677365,Cord,11739 Nobel Center,051-434-7163,caldous48@gov.uk
524538236,Priscella,9640 Kensington Junction,055-671-1792,plawful49@paginegialle.it
625764789,Ken,42 Maple Hill,050-603-0485,khodjetts4a@hhs.gov
993889395,Georgina,1 Prentice Terrace,057-474-8765,gcollcott4b@about.me
658287338,Elnar,3860 Shelley Crossing,056-558-6615,edrynan4c@cisco.com
269725152,Cristen,40 Pine View Park,057-066-4019,cgrieveson4d@zdnet.com
300964459,Bevan,36 Homewood Crossing,055-180-8708,bgaul4e@tinypic.com
970715686,Timothea,26878 Luster Crossing,052-146-2035,tcremins4f@blogs.com
213195563,Annabela,4 Sunfield Drive,050-866-4280,aleet4g@ftc.gov
677480141,Henrieta,21255 Briar Crest Plaza,054-021-5781,hdohrmann4h@samsung.com
196775761,Elliot,8012 Ronald Regan Trail,058-891-2564,enapoleon4i@berkeley.edu
671159683,Clevey,0467 Division Court,052-929-1577,cnewport4j@ed.gov
548897529,Sallyanne,241 Merry Circle,054-374-2982,sstert4k@netvibes.com
592647144,Mateo,6 Green Ridge Pass,056-045-5309,morpyne4l@scribd.com
668729236,Sapphire,2 Graceland Point,053-701-4666,snichols4m@slate.com
051865669,Abagail,3575 Glendale Court,057-015-6857,adoerffer4n@multiply.com
188007870,Joyann,88 Talmadge Place,058-422-7597,jilbert4o@wisc.edu
753466769,Andriette,54 Holmberg Hill,057-298-1465,aralph4p@discovery.com
202067048,Sebastiano,5954 Milwaukee Pass,051-663-8590,shyrons4q@army.mil
076065597,Chris,95320 Leroy Trail,052-249-2561,ctrenchard4r@goo.ne.jp
802669465,Lorri,76762 Schlimgen Pass,059-397-5353,lbranthwaite4s@wsj.com
701202160,Mychal,77 Butterfield Street,056-210-8286,mdizlie4t@wired.com
886545968,Mateo,9261 Knutson Avenue,051-574-5133,mcarwardine4u@woothemes.com
778269607,Malachi,00985 Mandrake Court,051-487-0927,mscaplehorn4v@discovery.com
760637681,Brewer,625 Green Avenue,053-195-4783,balbany4w@hao123.com
911161114,Gamaliel,2 Warbler Trail,057-535-0302,ganfrey4x@moonfruit.com
232499560,Lusa,1 Victoria Pass,054-456-9325,lbatha4y@joomla.org
857245044,Tommi,882 Fair Oaks Plaza,052-973-8318,tbock4z@chronoengine.com
464089763,Camey,977 Farwell Lane,052-026-6599,cbrydson50@devhub.com
457571259,Matthiew,41 Springs Alley,053-599-3185,mnisbet51@barnesandnoble.com
577640779,Jasmin,3 Crescent Oaks Trail,050-516-9840,jcasella52@netvibes.com
497304356,Halimeda,598 Ramsey Lane,055-572-9652,hgoulthorp53@lulu.com
531435551,Teador,33 West Avenue,057-481-1372,theads54@princeton.edu
871966784,Beilul,232 Heath Crossing,057-749-7685,bmulvenna55@paginegialle.it
248445879,Sephira,642 Green Ridge Hill,052-782-1687,sgaber56@ezinearticles.com
205379168,Sawyere,4 Clarendon Lane,056-435-6565,ssevier57@wix.com
565399395,Keslie,1 Crescent Oaks Parkway,056-327-1631,kjenking58@howstuffworks.com
423243021,Adelheid,75 Shasta Terrace,053-093-8490,apepon59@a8.net
976825155,Lucie,7 Twin Pines Way,050-466-7919,lmarcos5a@telegraph.co.uk
658295129,Iver,85691 Crescent Oaks Trail,055-413-5897,ifavill5b@hhs.gov
071419813,Lemuel,32147 Elka Plaza,051-604-9535,lcaddens5c@amazon.co.jp
482168068,Archambault,332 Kedzie Circle,059-419-9493,abanger5d@state.tx.us
399500241,Trescha,94656 Pepper Wood Plaza,051-411-0152,tswarbrigg5e@statcounter.com
971168710,Hyacinthie,5 Clarendon Street,055-546-6590,hfarndon5f@squarespace.com
809511223,Rodrick,83 Lake View Park,055-640-2923,rloughney5g@webs.com
374070158,Rianon,4389 Muir Alley,050-804-6107,rwoodus5h@purevolume.com
386912046,Ky,8956 Raven Trail,055-529-3025,kfromant5i@merriam-webster.com
012666493,Marti,590 Jay Junction,051-485-6510,mvittery5j@simplemachines.org
