ID,NAME,Address,Phone_Number
5542,Koss Inc,05 Cordelia Point,055-203-9521
8400,Quitzon, Kiehn and Smith,41 Karstens Drive,051-029-4581
3161,Ernser, Stoltenberg and Kuvalis,17 Orin Avenue,057-996-3307
341,Johns Group,7018 Hudson Court,052-966-2868
4729,Schuppe-Schmeler,01365 Golden Leaf Court,058-041-4188
4488,Smitham-Gibson,97 David Court,057-859-6305
7583,Heathcote-Shields,00590 Hallows Drive,056-126-3706
538,Steuber, Gusikowski and Hermann,8645 Comanche Way,057-877-0749
6579,Walsh, Harvey and Roob,08 Union Park,053-473-0512
6827,Corwin-Rau,8 Swallow Street,059-901-9684
3010,Hoppe, Pagac and Kub,3 Magdeline Crossing,054-912-5596
9515,Halvorson-Jones,79379 Canary Pass,053-867-2578
1591,Schmidt, Grady and Lockman,75208 Lighthouse Bay Place,051-062-4023
5240,Jacobs, Friesen and Howe,3460 Shoshone Parkway,057-720-5348
3677,Bergnaum, Goyette and Weber,28 Mesta Park,055-466-6967
3658,Ziemann, Christiansen and VonRueden,0 Bunting Center,059-434-6884
5298,Olson and Sons,47287 Elgar Place,053-015-5068
2181,Wuckert-Parker,8 Elgar Park,053-133-2354
4625,Fritsch-Gottlieb,1 Leroy Drive,059-512-6415
7627,Kulas, Dare and Metz,1322 Melrose Court,058-714-4894
5750,Glover, Gulgowski and Heaney,2234 Forest Junction,054-028-3079
7150,Gleichner LLC,4966 Marquette Way,052-657-8161
6352,Dare Group,8020 Hanson Road,052-501-8997
6596,Boehm-Friesen,00282 Manufacturers Point,051-952-7014
4085,Dickinson, Mante and Wolff,8987 Blaine Way,057-398-4560
2929,Sporer-Beatty,831 Eggendart Way,052-042-6276
1758,Smith and Sons,90100 Debra Pass,052-008-0145
8999,Okuneva-Crist,25 Carpenter Pass,053-535-1508
9715,Bayer and Sons,20009 Lien Parkway,050-638-9759
5745,Gutmann Group,84 Declaration Point,050-998-1973
4878,Schumm-Pollich,5 Riverside Avenue,054-621-4522
7259,Daniel Group,2051 Hudson Road,053-774-8073
4259,Hills-Torphy,00648 Everett Alley,059-903-7407
576,Morar Group,10296 Garrison Avenue,057-289-9746
5879,Spinka, Willms and Kunde,7795 Dapin Pass,051-121-4341
4475,Watsica Group,7 Homewood Hill,054-220-6310
7171,Wisoky-Borer,61 Di Loreto Crossing,055-702-4069
1788,Hilpert Inc,9 Lotheville Road,052-598-2785
2025,Padberg LLC,9 North Terrace,053-399-8394
8575,Carroll, Koch and Barton,11644 Mifflin Lane,054-454-0594
8087,Predovic, Marks and Hettinger,1076 Tony Junction,052-904-4277
5424,Gerhold-Pfannerstill,80182 Carpenter Terrace,056-197-4317
5036,Klein-Flatley,2 Oneill Pass,057-064-3895
6756,Upton-Casper,61721 Almo Parkway,059-618-2246
7330,Marks-Quitzon,4541 Mayer Park,054-600-2577
3680,Zieme-Hansen,38134 Northfield Alley,051-800-8775
5082,Wolf, Bogisich and Romaguera,100 Goodland Center,051-512-9247
5427,Stroman Inc,9 Heath Road,055-528-6320
2012,Kozey and Sons,478 Butternut Trail,052-921-3744
165,Ruecker-Littel,55 Clyde Gallagher Alley,053-347-7554
7239,Corkery, Labadie and Graham,4220 Orin Pass,056-890-0615
9661,Kilback-Kohler,06 Tennessee Lane,059-223-9695
8943,Mueller and Sons,272 Birchwood Parkway,054-772-1123
625,Oberbrunner-Kemmer,922 Steensland Trail,055-837-6657
4504,Maggio Inc,24429 Sunnyside Court,055-019-7226
5018,Weissnat Group,2881 Redwing Lane,053-206-5592
8622,Schuster LLC,09358 Gateway Court,058-433-2900
6733,Tremblay-Bergnaum,39301 Carpenter Avenue,052-207-4691
5088,Stiedemann-Schaefer,617 Lyons Hill,059-454-6383
2180,Bartoletti LLC,4117 Mayfield Court,053-733-4010
5177,King LLC,14 Quincy Way,050-098-5379
5743,Gutmann, Romaguera and Casper,7 Gerald Alley,056-413-2773
346,Botsford Inc,183 Texas Hill,050-680-6196
4697,O'Connell, Zboncak and Strosin,79 Anhalt Avenue,050-924-0038
6889,Doyle Group,96034 Mendota Terrace,059-013-6445
3856,Abernathy-Bernhard,50819 Coolidge Drive,057-878-4832
1579,Bode-Green,69393 Norway Maple Circle,057-025-8962
4528,Reynolds, Borer and Windler,743 Pierstorff Street,055-925-0577
9720,Ritchie-Gislason,0 Bartelt Crossing,058-656-8083
287,Hammes, Hahn and Anderson,74 Bartelt Way,057-834-2813
8624,Koepp, Dooley and Luettgen,5202 Chinook Drive,053-230-4306
1092,Mills, Abshire and Green,76 Carpenter Court,059-504-9992
8743,Kris-Barrows,54284 Barby Road,059-078-5519
9650,Brown-Metz,63 Columbus Crossing,059-710-1995
1767,Daugherty, Davis and Emard,64 Lukken Junction,059-801-0032
3037,Fisher LLC,35 Bultman Plaza,052-749-9861
674,Runolfsson Inc,998 Dorton Plaza,055-036-3026
3937,Barrows Inc,900 Bultman Avenue,058-520-5096
8570,Cronin, Altenwerth and Wiza,841 Butternut Court,054-338-5223
257,Wuckert, Pfannerstill and Gutkowski,1 Jenna Drive,052-646-1706
7,Daugherty LLC,57068 Huxley Place,059-294-9481
3511,Muller LLC,3141 Scofield Junction,050-295-1441
7051,Sauer, Conroy and Tromp,32680 Mayer Alley,054-857-5634
9909,Predovic-Baumbach,5603 Troy Road,056-446-3689
8478,Olson, Homenick and Wisoky,03341 Buell Way,055-275-9522
9868,Walter Group,6869 Redwing Center,059-129-6295
4142,Lesch, Bosco and Nolan,558 Canary Alley,050-359-9538
8159,Veum-Green,05 Tony Pass,051-222-7335
2099,Okuneva Group,9 Logan Hill,050-794-2531
6601,Feil and Sons,84 Lakeland Trail,052-070-4923
1524,Lemke, Spencer and Hammes,0 Bellgrove Place,050-999-3333
7766,Lockman-Balistreri,2 Prairieview Terrace,054-085-2973
2215,Schmeler, Bahringer and Treutel,3 Doe Crossing Parkway,059-301-8557
604,Ziemann, Wunsch and Swaniawski,76 Crest Line Court,054-725-6906
3737,Moore-Jacobi,8043 Sherman Drive,055-511-7947
8641,Treutel-Kris,707 Menomonie Road,059-659-0383
6032,Renner-Pfannerstill,0 Atwood Avenue,053-510-0671
4704,Vandervort and Sons,553 Mariners Cove Trail,050-446-2738
4197,Murazik-VonRueden,01660 Raven Place,051-938-7327
3889,Cummings-Crona,0167 Milwaukee Hill,056-068-7247
5482,Huels and Sons,507 Manufacturers Place,053-993-4867
9197,Yost Inc,9055 Pierstorff Plaza,051-726-6025
5358,Luettgen, Rippin and Grant,1 Stang Avenue,050-473-0179
5862,Flatley-Hand,43 Cordelia Street,058-783-4884
4095,Bernhard LLC,6425 Farmco Crossing,054-802-0232
4928,Schmeler-Dickinson,7652 Kinsman Way,053-992-1174
6436,Feest-Homenick,939 Twin Pines Road,058-236-7620
5677,Swift Inc,4419 Bowman Way,059-313-3703
5719,Yundt-Shields,2771 Jenna Center,058-421-6753
3869,Lynch, Murphy and Jacobi,2331 Bunting Trail,056-807-4432
2407,Quigley, Blanda and Powlowski,05 Chinook Road,050-355-7606
6978,Grant-Feest,0 Thompson Point,053-448-6997
5480,Friesen-Roberts,28 Clemons Park,059-024-5732
7979,Huels and Sons,387 Chinook Street,054-478-7295
275,Russel-VonRueden,3 Donald Court,053-695-2362
6476,Boyle, Effertz and Rosenbaum,507 Northfield Terrace,059-779-9758
563,Schimmel and Sons,90102 Oakridge Park,057-521-7369
8599,Runolfsson Group,8592 Scott Street,053-633-7640
1017,Windler Inc,8 Farmco Place,051-216-3820
2414,Kuhn and Sons,4 Carey Road,052-065-2835
6189,Medhurst Group,527 Orin Crossing,054-187-6916
4629,Rolfson, Beahan and Rowe,99418 Independence Pass,053-818-2277
9932,Green and Sons,3639 Park Meadow Court,051-741-3682
871,Hessel, O'Reilly and Brekke,35 Carey Place,053-367-1288
9643,Kautzer, Hudson and Reichel,5 Hagan Road,054-998-0183
1209,Deckow LLC,77 Laurel Trail,050-421-0813
4397,Stehr-Ortiz,14 Crownhardt Trail,052-533-9239
4300,Hauck and Sons,1 Debs Road,051-911-9784
8272,Fahey and Sons,852 Lunder Alley,050-450-5357
2436,Hermiston and Sons,38 Caliangt Drive,053-170-5894
1013,Douglas-Vandervort,74 Fuller Trail,056-732-9315
1698,Pfeffer-Thompson,3565 Kenwood Point,055-337-7413
949,Mraz-Crona,376 Weeping Birch Avenue,053-810-0958
9690,Rippin and Sons,32 Bluejay Crossing,053-989-4234
9427,Schuster, Armstrong and Sauer,90954 Dakota Plaza,055-091-0695
3547,Rice and Sons,91876 Sugar Park,056-990-3436
924,Borer, Abernathy and Walker,4 Riverside Terrace,051-754-3109
3113,Kunze-Brown,5397 Waxwing Way,056-647-3157
4046,Johnston, Daniel and Greenfelder,4 Melvin Center,058-031-7316
1573,Baumbach-Pacocha,994 Buhler Center,053-741-0434
9057,Stokes, Swaniawski and Effertz,373 Roxbury Hill,059-666-8810
5639,Runolfsdottir-Hintz,53 Corben Junction,051-410-7087
8469,Deckow LLC,43648 Brickson Park Lane,054-829-3593
1487,Casper Group,2 Fairview Center,051-814-0520
6471,Maggio and Sons,4 Charing Cross Pass,052-611-2329
3609,Hudson Group,45 Memorial Drive,050-072-3951
2712,Dicki Group,423 Eagle Crest Circle,050-417-9196
9838,Gibson-McDermott,26 Barnett Road,056-357-9868
3971,Bernhard, Vandervort and Smith,65729 Russell Center,058-329-8504
3052,Lehner Inc,24817 Del Mar Lane,054-516-9170
7073,Cassin, Schoen and Hayes,83 Nova Terrace,055-252-7837
4507,Mertz, Bartell and Torp,5 Russell Drive,056-710-2050
2203,Marquardt-Heller,798 Grim Alley,057-071-5396
5439,Schneider-Hahn,86060 Maywood Plaza,058-521-9808
7325,Greenholt and Sons,35 Evergreen Junction,055-797-3826
7917,Quigley-Fritsch,70 International Alley,053-114-4132
9035,Keeling-Prohaska,317 Dexter Alley,059-752-2956
8828,Lowe, Wiegand and Rau,9041 Kingsford Crossing,052-017-2919
1162,Goodwin and Sons,6 Eliot Parkway,053-636-4057
2122,Wuckert, Konopelski and Herzog,7331 Valley Edge Circle,054-741-1132
2538,Brekke and Sons,075 Crescent Oaks Hill,058-032-8799
6737,Grimes, Armstrong and Wunsch,125 Heffernan Street,054-911-0416
1324,Collier Inc,0223 Raven Center,055-717-7949
4095,Wintheiser, Hand and Schaden,8 Kingsford Court,054-846-0076
1755,Marks Group,06 Twin Pines Hill,058-200-0694
240,Kris and Sons,2126 Chive Street,059-706-7448
8320,Becker, Ankunding and Daniel,83 Oak Valley Junction,054-680-6471
4157,D'Amore-Marquardt,964 Loftsgordon Place,057-601-6668
8880,Sawayn-Swaniawski,5776 Coleman Drive,056-805-0436
8193,Frami, Fay and Wilkinson,403 Luster Parkway,055-442-0371
9838,Schuppe LLC,94303 Arapahoe Hill,051-347-3895
6982,Bahringer, Veum and Abernathy,8614 Westend Crossing,057-388-3783
8800,Schiller LLC,5840 Westerfield Terrace,050-086-1027
4888,Purdy, Bogan and Feil,7493 Basil Terrace,050-240-5757
5057,Harvey Inc,05052 Harbort Place,051-344-1820
523,Jast, Swaniawski and Yost,43833 Algoma Center,051-013-2109
1464,Friesen-Reichert,44 Wayridge Circle,056-786-0307
6932,Volkman Inc,6 Merrick Plaza,056-282-2113
1599,Moen Group,33 Acker Place,058-200-8412
4099,Reynolds Group,43 Tennessee Junction,057-385-2222
6366,Corkery and Sons,0744 Montana Lane,054-949-3668
3740,Effertz-Crist,975 Bluestem Trail,052-768-6156
6228,Satterfield-Hirthe,2 Lerdahl Plaza,058-937-7262
3261,Tromp, Corwin and Sanford,8 Butternut Road,055-741-0155
3712,Braun, Kohler and Abbott,5250 Alpine Hill,053-295-7275
856,Harris-Yundt,395 Utah Drive,053-785-9788
9287,Gleichner Inc,86211 Corben Plaza,056-351-3475
521,Considine-Mosciski,1 Waywood Park,059-352-4512
3208,Kuhic-Corkery,432 Artisan Street,052-264-7445
6417,Hoppe LLC,1552 Golf View Park,051-442-0117
9993,Jacobson-Huels,05 Hanson Place,058-502-3954
6786,Rempel and Sons,598 Welch Court,055-216-9887
8864,Dibbert-Lebsack,89098 Superior Lane,051-356-5230
450,Schuppe-Bahringer,90 Redwing Circle,058-838-7841
9539,Hane Group,71055 Jackson Trail,056-665-3992
4942,Larkin Inc,47937 Meadow Ridge Circle,050-430-4987
1664,Osinski, Mohr and Heathcote,6463 Shelley Alley,050-955-7720
5485,Pacocha-Kuvalis,7 Helena Place,058-677-0274
4482,Brekke Inc,161 Dunning Hill,051-952-3624
1930,Lemke-Moen,89 Cordelia Pass,058-668-4777
4378,Powlowski, Swift and Trantow,8 Bultman Hill,053-716-8480
4187,Pouros, Klocko and Cronin,166 Haas Park,059-815-4176
5766,Denesik-Torp,9201 Johnson Parkway,052-677-3453
319,Kris-Brakus,8880 Vernon Road,056-223-8611
4888,Leannon Group,3 Meadow Ridge Park,050-899-8707
8497,Bednar, Sipes and Dach,9533 Sullivan Street,055-717-1574
648,Breitenberg-Paucek,78159 Goodland Point,057-063-2981
6732,Nikolaus Group,01411 Pepper Wood Circle,051-357-2318
9025,Schroeder, Padberg and Wiegand,19720 Dovetail Plaza,056-964-5945
5322,Jacobson-Emard,433 Arapahoe Alley,051-425-1575
5763,O'Keefe, Gibson and Brown,2432 Eagan Parkway,059-886-1187
6309,Stiedemann, Smitham and Zieme,458 Old Shore Junction,051-602-1408
8792,Upton, Pouros and Baumbach,228 Norway Maple Trail,054-456-6002
8864,Romaguera-Turner,46534 La Follette Street,056-782-5550
9493,Lehner, Jast and Russel,311 Merchant Trail,053-470-6320
6215,Keebler-Hermiston,5 Swallow Point,051-423-7705
9394,Beatty-Hammes,139 Cherokee Hill,055-673-3107
9386,Bahringer, Kiehn and Collins,27308 Comanche Street,055-965-8037
8051,Bode, Champlin and Crooks,2 Onsgard Junction,053-877-0912
6330,Wiza, Bode and Reynolds,01 Paget Parkway,050-891-7167
6231,Schulist, Carter and Nikolaus,6 High Crossing Park,055-407-3176
5018,Schmidt-Willms,3 Schmedeman Terrace,058-994-0388
9089,Fahey and Sons,375 3rd Pass,055-426-0758
9383,Koelpin-Ullrich,52479 Truax Pass,050-832-7520
6708,Becker-Rosenbaum,37 Clove Lane,051-754-3073
5965,Erdman, Lindgren and Gerhold,14 Haas Drive,057-935-0342
9812,Gorczany, Krajcik and Turcotte,0496 Scoville Avenue,054-086-5541
4885,Nicolas, Monahan and Huels,5227 Amoth Point,052-669-3073
1306,Weissnat Group,80 Sage Avenue,054-517-4186
8001,D'Amore, Osinski and Kreiger,3299 Buena Vista Point,054-637-3992
3346,Maggio-Wolf,65050 Mockingbird Parkway,056-944-8464
8586,Raynor, Reichert and Ratke,47210 Valley Edge Junction,057-655-2575
2072,Gerhold, Johnson and Howe,8201 Fordem Point,056-628-9169
6041,Ryan, Bogisich and Weissnat,656 Old Gate Terrace,057-591-6531
9915,Cummerata-Schmidt,0 Forest Plaza,050-247-8884
7966,Abshire-Grimes,825 Mcbride Road,056-819-8237
1667,Kuphal-Schmidt,5046 Dakota Lane,056-583-5556
2857,O'Conner-Schimmel,707 Bay Way,057-800-9460
3983,Maggio-Bailey,124 Cody Pass,056-083-1122
2824,Smith-Crist,287 Dixon Trail,057-923-5408
9862,Rath, Lowe and VonRueden,2 Pennsylvania Court,054-294-2246
3108,Schroeder-Olson,05353 Bunting Place,053-372-7012
359,Hegmann, Reichert and Ullrich,327 Thierer Lane,059-164-2799
8429,Friesen, King and Heller,0 Wayridge Terrace,056-354-2912
9555,Schneider and Sons,4903 Pond Road,059-937-0320
566,Grady Inc,8 Hoffman Place,056-266-2254
8736,Larkin-Schmeler,8773 Sherman Court,050-191-3454
8547,Emard-Medhurst,193 Charing Cross Plaza,056-893-0752
7672,Crist-Lesch,09 International Point,051-201-5246
8202,Parisian LLC,23046 Del Sol Parkway,050-836-3940
7913,Purdy-Larson,30664 Orin Alley,056-398-0806
6151,Brekke Inc,57799 Dapin Crossing,053-226-7845
7216,Fisher, Armstrong and Carter,66 Magdeline Circle,053-028-3179
2276,Hettinger Inc,87034 Mitchell Avenue,055-463-7094
6656,Heaney-Wisoky,50716 Vidon Alley,057-312-4094
1571,Sipes-Mertz,7254 Laurel Pass,054-850-4305
9705,Gulgowski-Fahey,57232 Dryden Hill,057-299-4782
3300,Rempel-Tromp,00 Jenifer Lane,057-796-3361
3469,Shields-Bogan,1684 Upham Plaza,050-705-7076
9351,Kerluke and Sons,6 Pleasure Place,050-942-3536
3666,O'Hara LLC,6230 Declaration Crossing,050-740-5113
1113,Rutherford and Sons,8248 Fisk Center,053-762-5674
4323,Hegmann, Herzog and Boehm,2672 Fairfield Pass,056-851-5778
1056,Bartoletti, Zulauf and Pfannerstill,0171 Summer Ridge Point,052-102-1915
5063,Heidenreich, Olson and Mitchell,0 Dexter Park,051-437-2509
728,Johnston, Abernathy and Nikolaus,1368 Kenwood Court,055-225-0128
9645,Zemlak, Macejkovic and Barrows,643 Fairfield Place,059-635-0425
4789,Daugherty-Bartoletti,78 Fordem Drive,058-122-1910
9977,Marvin, Bogan and Anderson,91200 Schiller Center,050-249-0357
4301,Durgan-Boyer,7292 Scofield Road,059-510-3966
9731,Daugherty, Thompson and Effertz,2 Center Avenue,057-748-7893
4676,Schimmel-Barrows,2173 Westend Center,054-614-0055
4711,Johns-Parker,969 Anhalt Court,057-832-3504
5625,Tremblay-Waters,8376 Dexter Avenue,050-093-9342
36,Rohan, Stanton and Heathcote,5 Elgar Park,059-388-3926
6231,Jacobi-Carter,8 Muir Way,057-382-0422
2416,Stracke-Halvorson,09136 Dayton Plaza,056-316-8331
1610,DuBuque, Kovacek and Emard,0 Continental Way,057-362-7880
4992,Langosh and Sons,0724 Dayton Court,051-630-6797
5255,Schultz-Feest,91781 Jana Parkway,057-449-3944
9640,Stiedemann and Sons,7 Truax Court,051-718-8261
2486,Abbott, Cole and Roberts,25 Express Court,055-729-0476
6870,Welch, Romaguera and Satterfield,19 Graceland Terrace,057-758-9093
8825,Hermiston Group,6435 Chive Avenue,055-086-2082
8521,Bode Inc,69591 Buell Circle,052-665-8135
2319,Block, Terry and Dare,7003 Hallows Street,054-071-1595
5288,Kohler-Nienow,37 Fieldstone Alley,050-558-4231
1135,Ullrich-Langworth,21592 Oak Drive,051-085-3936
3894,McDermott, Boyle and Gleichner,386 Sycamore Terrace,050-533-4684
7919,Upton, Okuneva and Rempel,844 Manitowish Way,053-373-4949
2704,Kuhlman LLC,74 Hoepker Court,056-167-7639
7993,Hoppe, Auer and Sauer,048 Fallview Plaza,056-511-7715
6992,Doyle, Veum and Daugherty,86732 Dorton Circle,051-248-3445
4343,Kiehn-Swaniawski,5 Jackson Court,054-964-0593
8182,Weber, Kshlerin and Kerluke,7 Tony Circle,050-004-0748
1625,Nader, Willms and Gutmann,447 Northland Pass,055-603-9257
6243,Lindgren, Schneider and Kiehn,034 Green Court,058-511-5304
7597,Wolf-Jacobi,57 Leroy Trail,059-565-3487
4177,Wyman Inc,4238 Morning Hill,050-980-7496
6733,Lemke LLC,28 Main Hill,059-076-1031
8084,Sanford, Hansen and Jast,27 Grover Junction,056-670-6232
2967,Kling Group,7288 Anderson Park,058-931-8759
331,Prosacco Group,7020 Manufacturers Terrace,050-560-2362
8708,Dach-Turner,9584 Harbort Avenue,052-114-0635
5910,Cormier Group,65674 Garrison Crossing,056-515-9092
687,Howe and Sons,5882 Myrtle Street,050-225-2318
2470,Littel Inc,4 Nevada Place,054-846-1496
4325,Bradtke, Boyle and Pollich,6420 Myrtle Crossing,050-192-3697
6471,Ziemann-Greenholt,128 Browning Point,057-777-6558
3829,Runolfsson, Lebsack and Thiel,18 Northland Street,052-404-3034
5655,Rohan-Abbott,2002 Granby Park,053-763-1656
8234,Conn-Buckridge,01880 Warner Trail,059-416-3145
1021,Moen Inc,7 Center Hill,055-893-3152
6310,Sanford-Renner,8 Center Hill,058-162-7874
8475,Conn-Jacobi,1846 Arapahoe Street,055-989-3396
6293,Hayes-Klein,0887 Declaration Court,056-203-4617
6911,Schuppe-Mueller,6 Cascade Road,055-360-0068
5995,DuBuque-Beahan,3093 Corscot Plaza,056-083-2292
3823,Dickens, Skiles and Flatley,925 American Plaza,054-336-4668
2483,Miller-Gulgowski,79 Pierstorff Road,056-335-0312
7155,Herman LLC,7097 Del Mar Place,051-703-4686
764,Leffler-Mosciski,591 Drewry Parkway,056-635-2345
9106,Steuber, Heaney and Hoppe,10 Sachs Lane,052-530-2158
8220,Doyle-Thiel,1 Hansons Lane,056-575-8624
4027,Blanda-Bogan,4 Dawn Center,058-146-7136
919,Gulgowski-Kutch,4 Mandrake Court,054-018-4571
5762,Pfannerstill Inc,0 Longview Circle,052-082-1307
4403,Schiller-Stark,12606 Buell Point,058-830-0350
1714,Hane and Sons,57396 Service Point,054-499-3609
9406,Sawayn Group,1 Farwell Way,059-103-0004
2391,McCullough, Hirthe and Boyer,07 Springs Drive,054-650-9008
697,Barton Inc,59 Coleman Circle,052-169-7995
1717,Lindgren and Sons,07 Myrtle Park,053-639-3023
6547,Larkin-Nienow,75 Upham Junction,059-426-9858
9986,Mueller LLC,66 Bay Street,055-810-2399
3699,Grimes and Sons,1603 Mendota Trail,059-963-0841
9263,Roberts Inc,277 Mallory Street,056-337-8377
3256,Bergnaum, Hand and Doyle,0463 Clove Drive,056-728-5060
2781,Mayert, Mertz and Krajcik,915 Vidon Hill,054-228-8553
239,Rodriguez, Corwin and Schuppe,93157 Sycamore Pass,057-929-2684
5246,Kulas, Nikolaus and Hilpert,03307 Scofield Avenue,050-754-8497
5011,Erdman Inc,5 Mayfield Terrace,056-573-0203
5915,Lueilwitz, Walsh and Lehner,927 Scott Lane,053-021-5943
9783,Runte Group,921 Arizona Crossing,059-143-7109
3596,Schumm, Metz and Upton,01573 Barnett Street,054-136-9123
8001,Wisoky, Bechtelar and Tremblay,66676 Roxbury Circle,057-578-3035
9965,Conn, Kautzer and Trantow,162 Brown Court,059-434-1449
1495,Macejkovic LLC,0 Wayridge Way,055-769-6639
4722,Schmitt, Cole and Kihn,1 5th Avenue,056-425-0774
1952,Lehner, Schoen and Reinger,43610 Homewood Park,052-468-8920
7664,Nader-Will,68058 Chive Junction,051-626-0225
7468,Glover-Kuhlman,5172 Tennyson Street,051-724-6296
6141,Langworth LLC,31 East Court,057-928-8452
3063,Dach LLC,3 Myrtle Road,053-174-7986
521,Torp, Zemlak and Rosenbaum,6 Jenna Junction,050-307-6840
3662,Lubowitz-Crona,9 Truax Alley,058-904-9901
990,Weissnat-Becker,7 Truax Trail,051-883-5006
8923,Hirthe-Wehner,3320 Brentwood Park,052-072-7863
2189,Harvey, Lowe and Hartmann,751 Prentice Point,058-249-0756
6976,Brekke LLC,04160 Lerdahl Road,057-464-9317
210,Luettgen LLC,545 Westport Plaza,052-152-2626
2323,Corkery, Daniel and Kling,1 Washington Terrace,053-303-4737
8536,Schumm Inc,5 Atwood Trail,058-110-3671
6723,Kuphal, Luettgen and Wehner,734 Hoepker Pass,059-222-3007
9972,Emmerich Group,8649 Summerview Center,058-383-0816
4199,Metz-Schoen,7 Bowman Road,059-644-8410
5467,Terry LLC,65 Twin Pines Drive,056-319-6745
6136,Walter-Stoltenberg,98660 South Junction,055-787-0654
1308,Carroll-Heller,01029 Twin Pines Junction,053-948-9205
3347,Medhurst, Grady and Gutmann,381 Grasskamp Plaza,057-065-0717
7798,Hermann-Schumm,4666 Gale Crossing,056-359-8768
7923,Swift-Bode,76 Lunder Junction,057-871-1799
9047,Stanton, Bergnaum and Wyman,4 Graceland Center,056-076-0098
146,DuBuque-Hane,40 Banding Junction,059-615-7218
2521,Bruen, McCullough and Mitchell,1449 Paget Center,052-051-2865
6803,Lebsack-Kassulke,4290 Continental Avenue,052-245-5146
2655,Terry-Conn,69 Melby Hill,058-676-3946
7210,Berge-Johnston,54957 Packers Park,053-551-1197
634,Kozey, Shanahan and Bashirian,0293 Marquette Lane,053-181-1552
6234,Littel, Rogahn and Windler,17 Lakeland Place,057-040-3267
8865,O'Connell and Sons,31167 Manufacturers Circle,055-124-4046
9475,Hilpert, Tillman and Gislason,0683 Golf View Point,059-411-8754
715,Stroman Group,0 Charing Cross Circle,052-114-5347
5221,Emard, Thompson and Jacobs,2 Hintze Parkway,051-476-3905
1629,Altenwerth, Carroll and Zieme,1431 Hoard Street,057-198-0989
4562,Kozey-Steuber,28 Morning Hill,054-766-8453
1196,Gerhold-Kihn,656 Hansons Circle,054-746-8668
4173,Carter, Schroeder and Abernathy,55920 Sloan Park,059-825-5477
4048,Rowe Inc,56 Cordelia Point,052-391-9612
548,O'Connell, Leffler and Cormier,33 Old Gate Lane,055-548-2517
7787,Becker, Marvin and Fadel,88 Forster Parkway,057-920-5132
3843,Casper, Lynch and Gibson,65 Aberg Plaza,052-060-6561
1194,Blick Group,78278 Coleman Court,054-991-5660
8110,Harris LLC,7 Gina Street,054-628-5540
9115,Wisoky-Oberbrunner,90657 Hanover Center,050-158-4695
1605,Skiles, Schamberger and Weber,00620 Michigan Lane,053-115-7857
3610,Lakin-Maggio,266 Arrowood Parkway,051-031-4230
9919,Wisoky, Volkman and Gislason,0271 Hovde Alley,059-907-1797
2215,Dibbert and Sons,647 Sloan Parkway,057-420-5822
2604,Windler LLC,4398 Bunting Avenue,055-500-4870
1476,Corwin LLC,91772 Monument Place,057-019-1463
7241,Rippin-Collins,21 American Ash Lane,054-715-8939
6297,Walter LLC,52542 Sunbrook Circle,051-916-7679
7408,Konopelski, Bode and Swift,0 Arkansas Center,055-235-1012
3717,Kreiger and Sons,3655 Golden Leaf Center,052-967-3734
1883,Turner Inc,7576 Oneill Junction,050-348-3370
1461,Jenkins, Lakin and Gulgowski,12 Grasskamp Pass,053-884-9492
9287,Johnson LLC,3827 Commercial Drive,058-491-8119
9128,Ullrich, Jones and Nikolaus,3 Sunnyside Way,055-541-0700
8166,Hessel-Mertz,3 Holmberg Crossing,053-599-5100
2041,Sanford, Weimann and Batz,02 Nova Junction,054-252-4431
2818,Volkman Inc,49 Dapin Street,057-131-2937
2676,Wisoky, Turcotte and Rowe,11 Lerdahl Pass,054-951-7112
8665,Daniel-Vandervort,2 Di Loreto Alley,054-468-8694
780,Daniel-Parisian,2767 Scoville Drive,054-604-7246
151,Stehr, Bernier and Kerluke,49 Farwell Drive,053-364-6291
9265,Collier and Sons,07 Corben Drive,059-541-0288
4918,Collins, Moen and Cassin,5008 Leroy Plaza,059-421-2167
9894,Quigley and Sons,11 Sundown Crossing,055-036-7375
682,Mills and Sons,8618 New Castle Road,056-557-6456
5409,Jakubowski-Langosh,17 Roth Road,052-583-3810
4757,Hickle Group,032 Barby Crossing,055-417-8768
6714,Fritsch Group,387 Raven Place,057-861-4443
203,Crooks Inc,7487 Brickson Park Center,059-313-7374
3596,Kihn-Romaguera,1593 Pleasure Way,053-605-9394
6873,Feest, Cassin and Lowe,67 Hayes Center,056-733-6675
6401,Medhurst LLC,4226 Nancy Hill,058-397-7012
2024,Mohr, Gerhold and Conroy,08395 Coolidge Pass,057-023-3028
5774,Bruen, Koch and Koss,3 Hagan Parkway,053-209-8219
3255,Lueilwitz, MacGyver and Turcotte,85112 Steensland Court,053-911-2404
4001,Gusikowski Group,701 Dennis Crossing,051-305-2165
6067,Swaniawski-Ruecker,729 Riverside Court,053-209-8767
3144,Christiansen, Denesik and Cartwright,80 Hovde Pass,056-862-7620
8895,Johnson, O'Connell and Yundt,305 Maywood Alley,052-669-2711
5879,Hilpert, Schumm and Bosco,9999 Menomonie Junction,059-892-4183
6452,Moore-Lowe,783 Aberg Junction,052-332-3539
3362,Wilderman, Jacobson and Macejkovic,7514 Roth Center,056-467-4817
7965,Quigley-Franecki,1 Banding Street,055-180-0031
9361,Keeling Inc,9 Veith Plaza,050-935-0110
7056,Ritchie-Haley,853 Gale Avenue,054-499-0862
5717,Crooks Group,549 Meadow Ridge Point,055-944-0856
4240,Nienow-Kautzer,71 Fordem Way,055-154-8750
3231,Jast, Fadel and Durgan,64 Arkansas Circle,050-896-4826
1090,Padberg-Wunsch,016 Morrow Parkway,059-682-3678
2155,Upton, Lueilwitz and Powlowski,253 Donald Trail,059-738-8724
9059,Moen, Marquardt and Wisozk,802 David Plaza,052-953-2174
2666,O'Conner-Kessler,81 Browning Point,055-370-7517
1235,Bruen-Hermiston,01160 Talisman Way,054-738-1180
884,Gerlach-Kub,36 Linden Point,055-324-3524
9595,Daugherty, Wisoky and Hilll,188 Pleasure Parkway,059-668-1965
1858,Bergnaum, Zemlak and Fay,28519 Florence Center,058-814-8078
1014,Pollich and Sons,207 Sherman Center,050-936-0287
5874,Farrell and Sons,7 Mcguire Street,056-800-6350
113,Stroman and Sons,0 Sutteridge Park,055-570-2014
2093,Kling, Batz and Sanford,73 Twin Pines Trail,052-824-0916
2933,Schneider LLC,19728 Division Hill,059-451-2322
6444,Auer Inc,567 Hanover Crossing,051-333-6702
2573,Haley, Baumbach and Luettgen,2765 Knutson Plaza,056-025-8443
7452,Hamill-Fritsch,29154 Spenser Junction,058-665-0396
2889,Runolfsdottir Group,2595 Beilfuss Terrace,054-717-6130
974,Lemke, Welch and Nikolaus,556 Transport Avenue,057-834-8315
3346,McLaughlin Group,8452 Sunbrook Plaza,055-211-7795
7439,Zieme Inc,63300 Ludington Park,055-311-3863
815,Jacobi and Sons,38 Merchant Parkway,055-097-4799
3040,Schmitt, Nitzsche and Kihn,6320 Raven Trail,056-573-1770
8504,Welch Inc,27 Eastlawn Crossing,050-067-3342
8105,McDermott-Rolfson,8 Moland Lane,055-372-5789
7949,Gleichner-Bayer,812 Milwaukee Lane,058-143-8047
5247,Lind Group,3751 Magdeline Lane,054-474-5941
7069,Kertzmann Group,68 Hallows Junction,059-209-3674
1036,Hessel and Sons,018 Prairie Rose Lane,050-936-4920
2677,Littel-Windler,79 Village Street,054-515-3982
4334,Cronin-Mills,794 Emmet Parkway,059-104-1581
7962,Schmidt and Sons,3533 Lakewood Gardens Road,057-083-4414
821,Zemlak, Hessel and Pacocha,22672 Hoard Drive,053-034-1740
1776,Towne, Kassulke and Von,002 Blackbird Crossing,056-668-6965
4734,Greenholt-Anderson,6101 Sugar Alley,059-977-8678
6744,Cartwright, Schoen and Hegmann,2 Sheridan Point,052-594-9896
5206,Ebert Inc,9739 Clyde Gallagher Lane,057-414-2021
1596,Sauer, Cummings and Bayer,0 Parkside Place,051-869-9064
8407,Johns, Von and McClure,3088 Division Way,055-396-4000
9901,Tromp, Bayer and Feest,26436 Saint Paul Court,059-817-3951
4353,Bauch, Quitzon and Kozey,39 Lunder Place,054-603-5397
5519,Murray, Brown and Heathcote,31277 Rockefeller Parkway,057-038-8062
9671,Stroman, Barrows and Robel,53 Anhalt Drive,054-191-6364
9430,Sporer-Gislason,48300 Hanson Plaza,058-327-6406
2244,Heller-Quitzon,47243 Mariners Cove Parkway,058-962-6435
5465,Hahn and Sons,2 Prairie Rose Lane,058-079-1678
6249,Mills, Baumbach and Skiles,62039 Lakeland Street,057-898-7142
5240,Emmerich-Leuschke,714 Kinsman Lane,059-947-0270
3470,Ferry LLC,6322 High Crossing Hill,054-150-7669
251,Homenick Inc,3000 Cherokee Road,054-513-4559
5519,Nitzsche, Pagac and Johnston,1 Trailsway Court,059-994-1980
9052,Bogan-Hackett,890 Esch Street,055-026-8354
8180,Krajcik-Collier,20639 Old Gate Pass,050-182-4107
1600,Little-Boehm,67436 Corscot Crossing,055-958-3176
667,Fay, Marvin and Schaden,92 Maple Avenue,059-483-8727
5709,Douglas Group,89 Elka Pass,055-172-4801
1918,Homenick, Homenick and Von,1361 Arrowood Crossing,050-520-2854
7525,Beer-Strosin,5 Lukken Crossing,056-723-2858
