ID,NAME,Address,Phone_Number,Email
858083666,Jsandye,137 Cottonwood Parkway,053-809-0526,jcoulthard0@youtube.com
807919399,Salem,4382 Golf Course Road,057-877-1222,swoollends1@mail.ru
462880574,Richard,5 Stang Parkway,052-611-9273,rkeiling2@chron.com
749622507,Auberta,60335 Grasskamp Drive,055-320-0767,aelt3@admin.ch
890638026,Lynde,3343 Oxford Junction,054-653-3282,lsyalvester4@princeton.edu
942764955,Etta,59616 Manufacturers Park,057-486-1202,eparis5@xrea.com
358721120,Ewan,2 Esch Pass,053-503-2865,ekiely6@51.la
327598878,Fianna,001 Steensland Center,050-716-1734,fspick7@mozilla.org
400697197,Bevvy,318 Dennis Trail,050-512-0585,bgras8@ucoz.ru
303997561,Herminia,21297 Corscot Plaza,057-766-2975,hcalliss9@people.com.cn
495987774,Ulrich,21921 Carey Terrace,056-467-1148,uupstonea@blogs.com
341799556,Tony,33754 Moose Road,056-661-3533,tsapenab@google.ru
544313021,Elnora,2 Surrey Terrace,054-170-9090,eleathemc@ed.gov
432508913,Danielle,91998 Village Park,050-045-7086,dreedsd@census.gov
69350625,Ester,01692 Anthes Trail,053-111-2325,ejoslowe@springer.com
275362477,Irene,2 East Trail,058-701-4130,iuebelf@networkadvertising.org
100730362,Cece,6200 Jackson Drive,058-808-0755,cwoodhamg@google.com
228292924,Timmie,8025 Thierer Terrace,052-607-2083,tickeh@mashable.com
142748805,Bernard,1437 Fairfield Plaza,053-524-6886,bslimani@time.com
437358170,Alano,3100 Buell Park,058-080-2106,agiurioj@jimdo.com
786422435,Celene,18320 Sycamore Crossing,055-018-2670,cwarltonk@squarespace.com
851320956,Margareta,2 La Follette Drive,055-435-9315,mdowdalll@unc.edu
41634794,Nollie,199 Grayhawk Lane,058-617-7031,nnaismithm@nba.com
726535342,Rupert,58 Quincy Lane,055-225-8054,rmatejn@last.fm
225560666,Gregoor,13 Vahlen Place,058-789-0848,gtiplingo@nydailynews.com
150868433,Korie,1623 Granby Parkway,052-352-3182,kbenezetp@reuters.com
714492458,Hort,9 Marquette Hill,055-092-0477,hlearmonthq@kickstarter.com
85507964,Bertine,1002 Birchwood Junction,052-306-7369,bcuddr@springer.com
35209636,Obidiah,67518 Del Sol Plaza,051-924-7185,owoans@fc2.com
839603537,Normand,16144 Duke Drive,053-214-1517,nfairholmt@so-net.ne.jp
646237294,Bonnibelle,79 Riverside Circle,059-827-6103,blillymanu@smh.com.au
16251127,Debby,99229 Quincy Hill,051-417-8804,dbaalhamv@unblog.fr
572408562,Ermina,4 Meadow Vale Parkway,055-762-0214,edugoodw@amazon.de
507380500,Aviva,3 Westridge Alley,053-424-4190,achestertonx@hhs.gov
656166901,Karyl,7 Mendota Street,054-467-7793,kmortery@berkeley.edu
49561924,Georgianne,07 Fordem Trail,053-000-7667,gsinnottz@shareasale.com
564112374,Alexi,4 Utah Park,053-560-4296,awoliter10@ameblo.jp
123302763,Harper,676 Hansons Crossing,055-261-7458,hmccreedy11@cpanel.net
54292402,Donovan,99 7th Junction,055-028-9945,dstanfield12@taobao.com
39865324,Aurthur,96 Barby Circle,051-301-9163,abacchus13@va.gov
582368852,Shalom,0 Browning Center,051-081-9524,smattessen14@gmpg.org
459513545,Monica,824 Alpine Park,054-526-0526,mliles15@wordpress.org
828263610,Gifford,223 Prairie Rose Way,054-441-5233,graye16@histats.com
421766024,Giff,20788 Roth Way,051-835-5187,gplose17@google.cn
141439317,Vite,15 Bashford Plaza,059-342-2382,vpaddingdon18@shutterfly.com
539145460,Marilyn,3 Sutherland Road,056-797-2869,mbethune19@earthlink.net
180804353,Lynette,2 Muir Drive,057-678-4171,lvogele1a@oakley.com
671823133,Skipper,683 Sheridan Hill,050-082-5307,smoralee1b@livejournal.com
851039501,Gayelord,76 Glacier Hill Avenue,056-418-8167,gellaman1c@e-recht24.de
764770830,Letty,6642 Sachtjen Way,058-996-1822,lswindells1d@bandcamp.com
320485811,Cliff,22 Hooker Terrace,050-870-4513,cmateescu1e@example.com
106935107,Keriann,91 Linden Avenue,053-438-1326,kridewood1f@devhub.com
326622839,Randall,26502 Tennessee Street,051-568-7703,rlucy1g@etsy.com
818311658,Paule,96097 Toban Way,050-141-8085,phorche1h@dailymail.co.uk
464166551,Roddy,252 Nancy Pass,050-618-9584,rparris1i@sogou.com
286705656,Heindrick,62 Starling Alley,050-298-4349,hsinden1j@upenn.edu
706593331,Christa,32710 Nobel Road,059-817-4887,ccatonnet1k@cornell.edu
100546241,Bartholomeo,08509 Fieldstone Point,058-387-0169,bthackwray1l@baidu.com
60772889,Alyosha,26967 Annamark Point,052-682-9226,aashlin1m@soundcloud.com
237035259,Ingemar,218 Heath Junction,053-591-4942,iambrogelli1n@tumblr.com
681880502,Pegeen,0 Fair Oaks Crossing,053-133-6436,pirving1o@utexas.edu
424965769,Aleksandr,06 Fordem Junction,053-973-7221,abarnson1p@chicagotribune.com
537534381,Terrence,2 Arkansas Junction,059-905-3134,tsilbersak1q@tmall.com
330294290,Maure,5693 Eastwood Avenue,059-112-1237,mnabbs1r@mac.com
442709276,Dicky,0973 Pawling Parkway,052-608-5628,dtart1s@prweb.com
266424245,Bobby,4396 Forest Way,055-448-9837,blonsdale1t@nature.com
199721304,Amby,8218 Thompson Crossing,056-642-4134,adauney1u@barnesandnoble.com
235483338,Bertrando,46457 Bluejay Street,055-770-2042,bfoulcher1v@ca.gov
987058584,Stormy,2482 Holmberg Center,053-593-9024,smeeking1w@oaic.gov.au
760177229,Angele,24 Northland Street,055-241-5672,aloynes1x@ca.gov
22231668,Ignaz,922 Dakota Center,056-386-1785,iwagenen1y@parallels.com
885032385,Willamina,63408 Chinook Crossing,058-366-9908,wtouhig1z@icio.us
691040651,Carlin,54 Forest Run Hill,050-859-1172,cmaccleay20@berkeley.edu
996681289,Rosalind,9 International Street,052-168-0700,rdailly21@cocolog-nifty.com
507375619,Truda,595 Grasskamp Street,056-739-3720,thawk22@vk.com
507886684,Deanna,3 Longview Parkway,055-216-8671,dpasquale23@tiny.cc
698734,Scarface,26736 Messerschmidt Avenue,054-297-8970,skennally24@auda.org.au
255643665,Javier,8 Sutherland Drive,059-644-5349,jbassil25@lulu.com
704048576,Ellyn,4548 Carey Circle,050-880-7440,epugh26@blog.com
326232471,Albrecht,23 Orin Place,058-883-4473,acollibear27@fda.gov
676228177,Annetta,9 Main Crossing,054-993-2164,apunt28@storify.com
125308751,Harwell,0335 Bluejay Crossing,052-852-9447,hesslemont29@mashable.com
825511456,Haslett,834 Red Cloud Circle,059-443-9990,hcroxley2a@harvard.edu
818850540,Moses,1679 Shoshone Road,057-926-3780,mmournian2b@rediff.com
580070231,Deina,43 Anzinger Junction,055-085-2292,dboorne2c@uiuc.edu
35811931,Orly,99743 Comanche Drive,052-875-6298,oinderwick2d@comsenz.com
740850940,Dacie,134 Merchant Avenue,055-372-3680,dcorcoran2e@nifty.com
213309493,Letta,2 Carpenter Court,051-888-4974,lathey2f@friendfeed.com
658519522,Morna,03659 Eastlawn Plaza,058-670-2940,mbudleigh2g@uol.com.br
566563252,Vilma,31071 Twin Pines Drive,053-316-2823,vcharlwood2h@dyndns.org
970046069,Nina,58762 Mccormick Drive,055-502-3538,nbarca2i@livejournal.com
617655991,Lucille,57 Grayhawk Pass,052-576-5409,losheeryne2j@ox.ac.uk
486451156,Kristo,3908 Corscot Terrace,054-878-1584,kagget2k@xing.com
878355660,Wolf,06508 Harbort Point,053-489-8417,wbeverley2l@artisteer.com
519414615,Ella,79 Larry Park,053-507-7005,egullen2m@bbb.org
822037275,Marty,56 Porter Street,050-845-6689,mfletham2n@aol.com
162164743,Morgen,7689 American Ash Junction,051-800-3721,msamwell2o@shutterfly.com
400907164,Cyndia,580 Prentice Trail,055-316-3397,cearry2p@drupal.org
274252120,Adan,8 Aberg Hill,052-637-3287,amenicomb2q@mayoclinic.com
8307115,Karalee,1 Homewood Crossing,050-222-2070,kbrightling2r@google.co.jp
389329084,Carie,6 Lindbergh Crossing,058-832-1539,cdayly2s@amazonaws.com
376738624,Geraldine,2 Graedel Street,056-054-1361,gsunner2t@homestead.com
182588215,Cecilla,46 Wayridge Hill,053-723-8858,cgibby2u@disqus.com
393458687,Ada,13501 East Trail,059-634-8581,awinslet2v@bluehost.com
269111903,Fae,0 2nd Junction,053-362-4075,fbromige2w@e-recht24.de
604647319,Vonny,1 Donald Junction,051-748-7609,vluckings2x@huffingtonpost.com
482825255,Tracy,2 Crescent Oaks Junction,057-640-5598,teustis2y@mayoclinic.com
467345123,Warden,9 Anthes Drive,053-852-2572,whughlin2z@yellowpages.com
311132020,Winifred,8898 Grasskamp Place,053-672-2621,wculbert30@whitehouse.gov
60754625,Candi,36611 Vera Road,059-077-3147,cmintrim31@uol.com.br
89171627,Ron,3234 Sloan Avenue,051-614-9841,rbottby32@elegantthemes.com
775016713,Tim,78 Artisan Alley,059-483-7429,tdonkersley33@comcast.net
499856875,Eran,95493 Waubesa Court,054-158-1507,emughal34@cnet.com
810583126,Lowrance,4520 Waywood Trail,055-281-4540,loffa35@wix.com
350762211,Fielding,76120 Russell Center,059-406-5128,fbraunes36@reddit.com
993921612,Jonah,5392 Mcguire Road,054-308-4147,jthewlis37@cargocollective.com
199726674,Karin,0997 Summit Drive,056-835-8950,kborrett38@is.gd
695990051,Patrizius,0253 Debs Crossing,055-137-3918,prowatt39@creativecommons.org
288066299,Nada,26633 Welch Drive,056-823-6022,nclaricoates3a@freewebs.com
649654155,Abbe,982 Fordem Lane,053-211-0520,adymick3b@huffingtonpost.com
734660985,Doloritas,7 Vahlen Plaza,054-352-6180,dmasden3c@baidu.com
148919331,Georgia,0 Charing Cross Crossing,053-420-6798,ggurry3d@odnoklassniki.ru
386097836,Benedicto,0 Debs Plaza,054-840-9476,bwille3e@unblog.fr
111079607,Lucretia,4 Michigan Avenue,059-030-2051,lbroxap3f@cnbc.com
114721156,Powell,95491 Elka Drive,056-209-8473,plavington3g@sfgate.com
927319054,Nahum,326 Alpine Plaza,053-720-8848,nbaack3h@weebly.com
832995649,Rip,3 Mariners Cove Plaza,055-473-9500,reard3i@newsvine.com
614608899,Donetta,7 Roxbury Center,055-033-1714,dpitt3j@oaic.gov.au
882831921,Curran,8 Jenna Center,054-784-6166,cbartel3k@newsvine.com
610808463,Patrice,3 Twin Pines Pass,057-899-5832,pbossingham3l@wiley.com
562045677,Griffie,79 Barby Street,050-357-8203,gscutter3m@elegantthemes.com
604052510,Cornelle,2 Aberg Circle,059-063-9494,csibborn3n@google.ca
269228894,Boy,312 Lunder Hill,054-390-3615,bkernocke3o@arizona.edu
428383221,Almeda,349 Memorial Junction,059-514-6309,acapstick3p@blinklist.com
837337141,Sibella,227 Sunfield Terrace,058-091-4347,smanifield3q@washington.edu
713754302,Berky,39717 Village Green Hill,055-526-3497,bprene3r@opensource.org
987731114,Koressa,402 Monument Pass,059-736-9122,kausten3s@netlog.com
585598187,Noelani,2 Bonner Junction,056-207-5993,nlis3t@abc.net.au
364954139,Joyan,4 Spaight Street,058-154-1644,jridesdale3u@godaddy.com
167921303,Marmaduke,26984 Monterey Trail,059-373-4029,mambrosoli3v@privacy.gov.au
939599520,Daveta,2620 Clarendon Point,058-283-6627,ddevereux3w@yahoo.co.jp
156634349,Maiga,530 Burning Wood Parkway,058-002-0178,maugur3x@myspace.com
563216301,Domenic,4 Milwaukee Drive,051-819-8592,dherley3y@irs.gov
408923922,Brinna,2754 Division Circle,059-288-5424,bbrogiotti3z@oakley.com
549274580,Egan,8 Sutteridge Terrace,057-939-1790,efeetham40@gmpg.org
477850478,Fina,6 Scoville Way,056-528-5253,fruncieman41@ed.gov
250075696,Flora,1614 Hudson Court,058-410-6882,fquested42@upenn.edu
109192715,Brant,5 Nancy Way,053-140-6334,bstoney43@sciencedaily.com
550201629,Rodd,49616 Arkansas Road,057-377-6498,ralekhov44@ucsd.edu
439961587,Brendin,12549 Elmside Point,051-574-3591,bhobden45@123-reg.co.uk
904957185,Delcina,44432 Mosinee Court,052-811-6609,dcaveill46@1und1.de
350127591,Margarita,27 Crescent Oaks Street,051-392-6870,mboynes47@businessinsider.com
200338135,Richart,479 Bellgrove Point,053-024-2433,rrobic48@simplemachines.org
731750998,Leora,9120 Red Cloud Pass,055-955-3762,lsmedmoor49@barnesandnoble.com
164774400,Angela,1 Debra Place,055-351-6203,awyllcock4a@yelp.com
595136747,Gert,05450 Brickson Park Avenue,051-499-8353,gmcgiffin4b@mapquest.com
293996594,Audry,6406 Saint Paul Parkway,059-857-8056,agarey4c@ucla.edu
361525504,Berty,4 Acker Pass,058-014-4667,bdibdin4d@com.com
669143573,Bernardine,2 Sachs Road,051-258-0680,bfiddler4e@purevolume.com
425777956,Waldo,7 Waywood Center,052-944-1987,wpaulitschke4f@myspace.com
179129493,Christi,88 Susan Terrace,055-720-7347,ccasiero4g@slashdot.org
837340779,Sig,77 Warrior Place,050-988-8197,sblock4h@army.mil
506131284,Mandi,7278 Elgar Court,056-549-3950,mfearnyhough4i@vkontakte.ru
74725547,Thomas,824 American Hill,059-835-6626,tdowdam4j@webs.com
513521344,Cassandre,032 Victoria Trail,055-671-8975,ceynon4k@miibeian.gov.cn
906980796,Sabine,592 Lien Lane,059-300-4705,srobbel4l@ocn.ne.jp
474850104,Chaunce,1 Glacier Hill Plaza,052-304-2067,cmawditt4m@ebay.co.uk
933248973,Flory,4 Superior Circle,058-457-2946,fsimenon4n@npr.org
610044706,Blaine,11 Mitchell Park,051-877-2327,bsutton4o@dagondesign.com
75114692,Gill,2286 Fair Oaks Point,056-139-3776,gdeeson4p@networkadvertising.org
817175908,Janna,686 Heffernan Crossing,050-798-1062,jbranche4q@geocities.jp
501132860,Herc,07 Orin Park,051-165-1868,hstation4r@soundcloud.com
404626621,Yolanda,93 Morningstar Alley,051-907-7309,ycoathup4s@apache.org
757789686,Everard,0265 Village Trail,051-242-2153,eburbank4t@earthlink.net
693548980,Kerry,820 Graceland Center,055-994-3054,kgirth4u@shutterfly.com
764772998,Gertruda,0729 Farmco Hill,054-509-7731,gcreamen4v@businessweek.com
62373068,Gray,4479 Anderson Court,055-316-3688,ghagard4w@hp.com
42718538,Wendye,4 Carpenter Junction,057-019-8848,wsowman4x@reuters.com
620641794,Marcos,23 Havey Plaza,058-782-2349,mhartnell4y@smh.com.au
60397516,Alison,342 Hanover Junction,056-365-9097,adismore4z@dropbox.com
22796703,Tyson,8 Hanover Trail,051-910-6170,tcairns50@narod.ru
832305828,Allissa,23 Sullivan Court,059-077-6041,afarquhar51@themeforest.net
914495564,Catlaina,4 Holy Cross Street,051-887-6564,cpaladini52@adobe.com
934519683,Dory,286 Alpine Trail,050-862-3316,dflisher53@microsoft.com
117056433,Arlan,09 Del Mar Pass,058-020-4905,aandriulis54@diigo.com
139004762,Nicola,507 Saint Paul Place,052-227-7437,nlongman55@themeforest.net
861169477,Kai,073 Talisman Avenue,053-310-4460,kbeechcraft56@theatlantic.com
827509541,Sheffy,6 Meadow Vale Crossing,055-774-3529,slampl57@examiner.com
292046907,Tillie,1040 Holy Cross Plaza,058-420-4495,tbirtwisle58@topsy.com
782135345,Obadiah,9 Mockingbird Street,052-378-8136,odransfield59@businessinsider.com
24623288,Quillan,49581 Cambridge Drive,051-982-1065,qcarlone5a@toplist.cz
36554408,Nana,72627 Browning Lane,059-324-9269,nretallick5b@princeton.edu
909130322,Dredi,39 Basil Junction,053-536-5123,dmullinger5c@prweb.com
193349516,Duane,3877 Chive Court,052-873-7487,dzorzoni5d@tinypic.com
451530382,Lloyd,34162 Bashford Plaza,058-783-9182,lcollough5e@usnews.com
489097484,Daisie,6216 Bartelt Parkway,052-856-8883,dgownge5f@cnet.com
944684454,Berrie,4 Golf Course Place,057-405-6672,bduckerin5g@harvard.edu
195658111,Caspar,468 Heffernan Parkway,054-579-0987,charroll5h@php.net
433108199,Lenore,063 Maple Wood Road,053-968-2447,lwalczak5i@walmart.com
741886644,Darla,2614 Summit Park,052-880-6344,dilyinski5j@unesco.org
342153843,Felipe,478 Dakota Crossing,052-770-7079,fglasheen5k@wikimedia.org
585986398,Allyce,1845 Glacier Hill Pass,055-942-0131,amcgeagh5l@tmall.com
133700930,Toby,8 Heath Point,056-483-1237,teggleton5m@webs.com
523366355,Ricard,05 Doe Crossing Center,058-838-5672,rgores5n@wired.com
177375053,Emmerich,2117 Ramsey Lane,057-154-5057,egoude5o@pinterest.com
175904163,Amabelle,918 Oxford Avenue,058-219-7670,ahouten5p@army.mil
589620609,Joellyn,81 Crowley Place,058-084-2290,jjozsef5q@webs.com
650852241,Alonzo,509 Rockefeller Parkway,055-020-4218,aclack5r@simplemachines.org
282270406,Vernon,8 Little Fleur Road,052-207-8871,vjallin5s@shinystat.com
665949682,Neall,06416 Farmco Place,055-583-4326,nrubin5t@live.com
107205859,Berkie,3 Novick Place,058-805-4183,bmasterton5u@house.gov
350939066,Valentin,213 Clove Road,050-845-5762,vinderwick5v@deliciousdays.com
867181754,Blancha,29421 Anniversary Plaza,059-637-2012,bbraysher5w@skype.com
547814995,Eduino,74 Grasskamp Junction,054-599-5123,ecaseley5x@redcross.org
594707328,Ranice,2 Sundown Avenue,056-481-8815,rpauer5y@china.com.cn
686296241,Inglebert,3207 Petterle Circle,059-825-4763,icarleman5z@blogs.com
674260930,Krisha,44 Arkansas Trail,058-117-2502,ksesser60@odnoklassniki.ru
568700130,Lorrayne,88720 Raven Circle,057-786-0520,lkidman61@bloomberg.com
995213038,Franky,742 Hayes Hill,051-035-0451,fdrivers62@nyu.edu
567640375,Alysa,0418 Nelson Place,053-030-9729,afurst63@addtoany.com
366142137,Jerrold,72 Doe Crossing Drive,051-300-4856,jrosenbusch64@ifeng.com
708020464,Barby,1252 Old Shore Lane,054-089-7266,bsurtees65@berkeley.edu
98179428,Tulley,1 Portage Park,051-595-7329,tmcdavid66@live.com
776109587,Trenton,95715 Kensington Point,056-227-5591,tcrickett67@bandcamp.com
628529978,Darell,3 Caliangt Point,056-523-3842,dedmonds68@delicious.com
648036006,Isidor,8 School Center,051-671-2845,iteligin69@storify.com
786835857,Faustina,1682 Summit Trail,053-810-9662,frhymes6a@google.co.uk
518361253,Daron,86289 Mcguire Park,051-762-0790,dburdass6b@bigcartel.com
170525670,Emilee,28126 Mendota Drive,058-641-1447,ebeeching6c@hugedomains.com
636525941,Benji,10 Sheridan Avenue,059-949-3359,baitken6d@sitemeter.com
613305521,Gerrard,06 Service Pass,055-199-4574,gmonnelly6e@tripadvisor.com
230925347,Fred,57987 Tennessee Lane,058-051-7372,fatkins6f@mysql.com
512083212,Shurwood,50815 Farragut Plaza,051-208-1902,sroxby6g@com.com
223837704,Teodoor,0 Mitchell Avenue,050-623-5358,tkeward6h@wiley.com
679228302,Tadeas,9 Quincy Park,052-538-7685,togglebie6i@woothemes.com
275769850,Antonina,8780 Oriole Drive,053-143-9931,agratten6j@taobao.com
80671752,Peria,3 Canary Center,059-613-9036,psciusscietto6k@yahoo.co.jp
833564779,Langsdon,605 Granby Court,055-549-1644,ljones6l@fema.gov
230834627,Adrienne,39 Ridgeview Trail,055-296-1851,awillerton6m@sakura.ne.jp
468774370,Lila,9 Waxwing Park,056-323-2657,lmew6n@shop-pro.jp
98039514,Ellary,7 Cody Point,050-222-9164,ehyland6o@guardian.co.uk
147904149,Onfroi,52333 Springview Place,050-135-3765,orubenov6p@paginegialle.it
704098404,Annelise,41480 Bartelt Trail,057-937-2364,aklaves6q@berkeley.edu
478364045,Bree,87 Charing Cross Crossing,051-559-9970,blongwood6r@pcworld.com
860524413,Brennen,5573 Farmco Parkway,059-787-4989,bwhether6s@imdb.com
597971421,Appolonia,004 Starling Alley,052-448-9743,aaddams6t@discuz.net
600255410,Charlie,76 Pepper Wood Terrace,051-040-2100,cakitt6u@amazon.co.uk
171883449,Trula,6 Village Way,056-320-4642,thudspeth6v@senate.gov
515254990,Reggie,86487 Hooker Way,059-226-4420,rworvill6w@yahoo.com
70165790,Dulce,287 Havey Avenue,056-283-3006,dpittwood6x@hubpages.com
706917072,Moise,1518 Forster Road,055-591-9254,mwonter6y@bandcamp.com
405857428,Norby,751 Riverside Crossing,057-086-2784,ngraundisson6z@addthis.com
693180462,Killy,81560 Cottonwood Terrace,055-889-6212,kdehailes70@google.ru
705835381,Kayla,984 Scofield Alley,055-144-0756,kkendall71@cnn.com
536261356,Ives,2 Knutson Center,058-528-1975,isharples72@businessinsider.com
556374684,Vivienne,6496 Fallview Center,052-737-0772,vughetti73@ustream.tv
305771908,Modestine,789 Fuller Center,050-054-4500,mdantesia74@cbsnews.com
190046781,Mariellen,4 Dapin Center,053-460-1203,mivashkin75@example.com
26582336,Talyah,31 Hagan Pass,058-529-6908,tjehaes76@nydailynews.com
745735103,Ignatius,28248 Vahlen Parkway,052-437-8846,ikoppen77@tripod.com
497111456,Teriann,658 Aberg Circle,055-015-3561,tdavioud78@zdnet.com
197497274,Meghan,42 Anzinger Terrace,052-290-6493,mduberry79@harvard.edu
293010608,Philippe,5 Drewry Junction,057-284-7683,planham7a@google.com
462482432,Giraud,927 Loftsgordon Terrace,050-711-6916,gbanasevich7b@altervista.org
642101046,Sibbie,460 Milwaukee Trail,054-837-3064,sjindrich7c@about.com
892588975,Sterling,0 Comanche Park,050-913-2788,sdevereu7d@cisco.com
512954008,Henrik,55 Swallow Street,053-262-2401,hsante7e@wikimedia.org
628899289,Helene,57 Northview Way,050-084-0918,hkitchaside7f@creativecommons.org
189541957,Sasha,7 Summer Ridge Road,058-461-0870,sbattye7g@dedecms.com
586756343,Cam,2 Longview Crossing,058-976-4764,cwaugh7h@about.me
691771779,Jessamine,98 Dwight Street,051-055-6961,jhowchin7i@nhs.uk
339124941,Curr,41790 Bunting Way,056-063-2415,chugin7j@boston.com
183193392,Alissa,35309 Farwell Trail,056-403-0326,ajahns7k@howstuffworks.com
586809995,Veronique,5 Main Hill,057-781-0489,vdowne7l@senate.gov
984801823,Slade,57 Magdeline Lane,059-604-9581,sblue7m@paginegialle.it
191156257,Ailbert,16 Pine View Hill,052-302-8219,aduffell7n@hhs.gov
404173620,Amerigo,4796 Hallows Lane,056-842-0218,aroutham7o@elegantthemes.com
294937542,Annalise,71 Northview Point,055-847-8000,ajirick7p@friendfeed.com
485960160,Alane,0 Maywood Hill,051-153-8892,adunkinson7q@arstechnica.com
327205172,Rasia,0443 Pleasure Terrace,054-138-8064,raudiss7r@cbc.ca
86363722,Osborne,14 Starling Place,057-511-1378,ozotto7s@gizmodo.com
639348792,Luke,81339 Bartelt Drive,053-933-6929,lmassei7t@ning.com
723452581,Umeko,601 Steensland Road,053-893-2194,urobberecht7u@naver.com
162184632,Marlane,5208 Manufacturers Drive,051-909-5790,mfysh7v@huffingtonpost.com
904191475,Norine,16 Hoffman Court,057-504-8847,nharmes7w@omniture.com
476731602,Ransell,300 Messerschmidt Crossing,058-572-0552,rrilton7x@1und1.de
560293929,Malachi,62 Spohn Place,054-037-1052,mmattholie7y@disqus.com
81217724,Marius,62 Hintze Junction,058-311-8105,mlevick7z@wisc.edu
376871988,Rasia,377 Kim Trail,050-876-7897,rflahy80@amazon.co.jp
583182399,Conrado,110 Holmberg Parkway,052-679-3299,cquiddington81@digg.com
984461881,Glynnis,4 Elka Circle,053-377-7435,gearland82@gizmodo.com
737089058,Loralie,05 Heath Avenue,057-532-6456,lcovely83@ifeng.com
923510656,Mariele,2 Hanson Center,055-423-3811,mcard84@intel.com
389128138,Cynthea,089 Cody Drive,058-866-5628,cantoshin85@accuweather.com
96676372,Ethelda,55 Sloan Center,050-931-3245,esallan86@unesco.org
378409220,Rora,05405 Northfield Plaza,059-740-5214,rbroke87@opera.com
681576981,Annis,24912 Crownhardt Crossing,054-582-0564,airving88@privacy.gov.au
731387458,Bobbie,5 Manley Trail,058-586-1735,baluard89@i2i.jp
809791424,Bethany,7 Ronald Regan Point,059-088-5406,bhegg8a@ca.gov
676216120,Nikolai,405 Dakota Pass,054-262-9203,ninnerstone8b@jiathis.com
187969316,Stillman,527 Springview Street,058-281-3808,smcphillimey8c@tripod.com
150930753,Jarad,3 Westport Place,058-497-0603,jwaycot8d@shutterfly.com
369191648,Kaja,5 Garrison Crossing,058-402-6378,khenriet8e@quantcast.com
980946151,Valle,57 Scott Point,053-684-0331,vdyka8f@dyndns.org
465569682,Cody,79 West Junction,059-369-3623,ctyce8g@mail.ru
242016348,Fernanda,82 Mcguire Drive,053-306-3364,fdenyakin8h@craigslist.org
588750006,Pembroke,48 Westend Road,050-743-2145,plorand8i@indiatimes.com
163356563,Jerry,7052 Knutson Pass,056-413-3544,jcrampsy8j@newsvine.com
348203587,Yvonne,2 Golf View Plaza,056-404-9027,ygerasch8k@ed.gov
941583976,Walt,66027 Susan Pass,056-390-7450,wcrepel8l@ca.gov
983364786,Yuma,57414 Ryan Alley,053-994-7330,ymcteague8m@cafepress.com
291134930,Camellia,28 Muir Road,059-346-9785,cdoblin8n@apple.com
895382093,Lurlene,7544 Graceland Street,050-383-5175,ltessington8o@forbes.com
886225724,Nevsa,6860 Hazelcrest Park,054-816-5090,nseller8p@dedecms.com
199438530,Edy,82 Dapin Junction,051-833-9600,ejiggens8q@wikipedia.org
683337321,Annette,3 Judy Pass,052-605-5111,adurker8r@flickr.com
765420463,Wolfy,85 Grim Pass,058-450-8670,wshirlaw8s@noaa.gov
753613296,Lilyan,802 Di Loreto Drive,055-904-7625,lbagster8t@gizmodo.com
559790862,Wilfred,6907 Westend Point,052-146-4788,wwindle8u@virginia.edu
485786875,Jennee,194 Buena Vista Park,055-130-7023,jevesque8v@goo.gl
948240733,Jackie,03173 Almo Point,058-853-2371,jlindup8w@prlog.org
36775690,Eward,932 Artisan Hill,051-160-3598,emarkel8x@japanpost.jp
545658292,Reinwald,25118 Scoville Court,053-415-8450,rhallewell8y@imageshack.us
107727213,Del,61032 Parkside Pass,051-145-4197,dhartwell8z@shop-pro.jp
338080545,Annaliese,39 School Center,059-873-5207,apulbrook90@whitehouse.gov
725661416,Nicholle,5 Thackeray Avenue,058-343-5339,nthorley91@google.nl
50639103,Silas,953 Roxbury Place,050-671-7286,springell92@newsvine.com
172443108,Ransom,41 Trailsway Drive,051-357-9820,rcorzor93@rambler.ru
561709442,Evangeline,97 Anzinger Road,056-878-6723,etweedlie94@addtoany.com
422480606,Killian,62 Judy Trail,051-818-2357,ktuxill95@yahoo.co.jp
191611665,Jaquenetta,19784 Fisk Crossing,055-174-0067,jranfield96@vinaora.com
833709527,Orbadiah,0873 Sloan Trail,058-780-3910,obroske97@time.com
241286885,Willi,394 Bonner Hill,058-336-9554,wpennells98@utexas.edu
225218832,Dave,670 Shoshone Park,053-841-2772,dbuttery99@cargocollective.com
494031751,Edmon,827 Susan Park,057-850-8990,ehurry9a@pbs.org
412397611,Rosalind,962 Sloan Avenue,053-199-2876,rdarycott9b@japanpost.jp
176230953,Merv,73288 Stephen Alley,051-116-8745,mfransoni9c@fastcompany.com
602090564,Gabie,336 East Parkway,059-457-8975,gjone9d@is.gd
884443136,Tomasina,705 Melvin Crossing,052-176-0453,topdenorth9e@sciencedirect.com
570632627,Helge,49266 Cottonwood Alley,058-612-0930,hdanielsson9f@fc2.com
764832016,Paxton,0 Gulseth Court,051-820-6561,psilverman9g@live.com
508236563,Georgina,463 Calypso Terrace,055-644-0067,gblowfelde9h@edublogs.org
429615344,Carolyn,4286 Lukken Lane,057-807-2783,cstolte9i@archive.org
408062481,Olivier,70 Amoth Terrace,055-565-9595,ojakucewicz9j@ca.gov
567977670,Josephine,2852 Westridge Crossing,050-781-7333,jcarmont9k@mapy.cz
577816737,Lorene,9 Hanson Junction,055-689-5196,lproctor9l@i2i.jp
688212499,Natasha,8994 Mallory Terrace,057-939-9227,ngalpen9m@nifty.com
814692733,Donnajean,56 Dawn Alley,058-760-5145,dlefleming9n@jugem.jp
854765500,Clarissa,0 Golf Course Center,056-166-2538,cnaulty9o@gov.uk
389435368,Nicoli,9137 Anhalt Parkway,051-464-7649,nlarham9p@aol.com
982168910,Dur,80 Morningstar Plaza,056-714-6368,dkiley9q@shutterfly.com
249703584,Kilian,52547 Bluejay Pass,056-732-5201,kreynard9r@apache.org
748234086,Shelli,5760 Northview Lane,059-806-4976,smchugh9s@cocolog-nifty.com
280008834,Fair,5282 Dakota Drive,053-635-8298,ftomaszek9t@who.int
101965314,Hanson,65 Nevada Terrace,056-496-9646,hmaliphant9u@linkedin.com
595363522,Myrilla,6 Thackeray Trail,051-104-3983,mstanhope9v@cdbaby.com
34153575,Barbee,9400 Hoffman Court,052-565-2782,bbernardotte9w@vk.com
858668199,Moira,600 Pleasure Street,051-157-3357,mgagg9x@nbcnews.com
681868371,Eimile,04 Ridgeway Drive,050-589-2323,edransfield9y@infoseek.co.jp
907299077,Caroljean,09 Jenna Plaza,056-432-5004,callom9z@nhs.uk
237211393,Laurens,01773 Buena Vista Street,056-333-0336,lwitheya0@vinaora.com
166029706,Sharia,5290 Lakewood Gardens Hill,053-465-8280,sbeera1@newyorker.com
913959612,Isacco,3923 Hintze Alley,051-041-0972,icasta2@webnode.com
260093005,Helaina,5321 Nova Lane,057-402-9955,hrhymesa3@etsy.com
592082060,Pearla,68 Goodland Road,056-590-4356,pgrinishina4@google.de
360105660,Nelia,992 Utah Crossing,059-774-3401,ntickela5@sfgate.com
386280582,Xever,16 Arizona Court,054-691-6191,xwhorltona6@ow.ly
424665837,Ninetta,6 Pond Parkway,057-732-3556,npaulya7@mlb.com
441191876,Rivi,54 Schlimgen Alley,057-381-3427,rdadya8@dot.gov
9131689,Carmencita,89 Crowley Place,052-148-6115,creynea9@mail.ru
138251265,Reginald,3549 Talmadge Place,057-804-5757,rbowcockaa@wsj.com
811830530,Marylee,8 Hollow Ridge Pass,058-878-6872,myelyashevab@microsoft.com
193456285,Hillel,173 Katie Pass,059-255-9370,hhallasac@google.ca
965044081,Kizzie,91671 Clove Plaza,053-524-0497,kamorad@ca.gov
946814161,Ari,663 Leroy Pass,053-526-7663,abraysherae@nifty.com
75043224,Jimmie,9 Loeprich Junction,051-989-4031,jprimakaf@cpanel.net
286281729,Darill,6767 Ramsey Alley,055-409-9596,dcrouseag@sciencedaily.com
217897791,Svend,0 Mcguire Terrace,050-923-1174,straytonah@dedecms.com
920178866,Wood,22779 Dakota Street,057-866-4261,wluxonai@stumbleupon.com
9745132,Elfie,1178 Oak Valley Parkway,050-235-1451,ebellowaj@alibaba.com
592489288,Towny,18 Melvin Point,056-931-5631,trosellak@mapquest.com
330995644,Trefor,0 Petterle Road,051-619-2297,tarsmithal@wsj.com
680653432,Currey,0 Lyons Parkway,056-542-0656,csinfieldam@mashable.com
837842947,Deane,07129 Bluestem Trail,053-256-6911,dblakeneyan@flavors.me
694321344,Britt,5 Sachtjen Place,055-021-0636,bakkerao@dyndns.org
59339372,Adriaens,7 Bunker Hill Court,057-931-5694,ajandourekap@wikimedia.org
707750473,Jehu,88085 Melrose Plaza,058-155-3609,jthebeaq@utexas.edu
344129984,Aylmer,11 Green Junction,051-959-4579,ascreechar@salon.com
187649825,Lana,6316 Duke Road,050-969-2177,lharmaras@tinypic.com
735457604,Ronnie,8 Elka Circle,056-459-0494,rwestropeat@netlog.com
331773085,Royce,5214 Colorado Court,054-651-7330,rfrippsau@slashdot.org
650400234,Mahalia,3 Dryden Park,057-103-2135,mdalmanav@unc.edu
446330439,Mirabel,23 Gateway Parkway,055-378-7604,mkennicottaw@uiuc.edu
707868217,Blancha,4 Bunting Terrace,058-653-4689,bteagueax@360.cn
730768040,Adolphe,3 Messerschmidt Terrace,058-461-6067,agonnarday@mapquest.com
178425934,Iain,2977 7th Pass,056-502-3788,iguntonaz@mail.ru
408870753,Linnet,927 Graceland Center,051-647-5136,lspeakeb0@yandex.ru
215678371,Leonelle,0 Coleman Road,052-711-9355,lsallingsb1@sciencedirect.com
412915108,Cassy,89 Sundown Park,056-871-0488,cgiovannettib2@twitter.com
142006720,Daisie,56332 Service Park,051-510-8220,dcrookshankb3@google.com.br
265184224,Shanna,28689 Cottonwood Terrace,057-109-0881,sinoldb4@chron.com
1412925,Koralle,290 Muir Point,050-065-0556,kcouchmanb5@boston.com
171559096,Phil,90 Jenna Hill,057-787-2399,phuckellb6@typepad.com
404091304,Sula,0829 Dapin Terrace,058-445-4951,svaiseyb7@mayoclinic.com
689626416,Aurthur,8513 Little Fleur Place,057-912-6096,aherculesonb8@shareasale.com
672030896,Elnore,12 Merrick Center,054-237-2809,ebohljeb9@parallels.com
806169260,Maurits,72429 Clarendon Crossing,059-088-0279,mkedgeba@ustream.tv
451754902,Velma,16376 International Trail,057-719-4273,vlarterbb@163.com
393527136,Shana,7526 Nova Crossing,055-154-1851,skeepebc@alexa.com
647086955,D'arcy,073 Jay Junction,056-122-6293,dfillanbd@deviantart.com
596255499,Gus,33 Crowley Point,056-243-9021,gmassardbe@goodreads.com
802194163,Rees,6490 Barby Trail,058-642-0977,rcrystalbf@youtube.com
841106703,Idalia,68 Debs Junction,059-421-7063,idumbletonbg@sciencedirect.com
498663123,Lurleen,5 Vahlen Parkway,059-980-8656,lnorridgebh@feedburner.com
326170225,Rustin,57 Oak Valley Junction,051-357-8917,roubridgebi@yellowbook.com
605801202,Patty,980 Northridge Street,050-192-1306,pjanskybj@indiatimes.com
285136288,Ariel,9994 Oxford Lane,053-453-9296,ailiffbk@artisteer.com
517346694,Ashlan,24822 Northview Street,051-935-2625,acraykerbl@nasa.gov
667768411,Farlay,22 Hayes Plaza,055-929-3100,fboshardbm@flavors.me
603009370,Glenn,76 Hansons Road,057-586-9471,gtabourinbn@netlog.com
333242259,Wynne,37 Reindahl Plaza,050-961-9592,wzecchiibo@stumbleupon.com
722655322,Noemi,42 Mendota Crossing,052-327-4238,nlanyonbp@desdev.cn
180051839,Janina,83239 Hoepker Parkway,050-141-2953,jyousefbq@godaddy.com
295476336,Judye,822 Declaration Trail,056-958-2850,jcuerdabr@hexun.com
398416970,Helge,11029 Graceland Place,053-949-6826,hgiacopellobs@slate.com
568426846,Damara,376 Lakeland Drive,055-918-3018,dbasekebt@fotki.com
760851700,Ailey,2567 Ohio Trail,058-491-3347,agallahuebu@youku.com
367600340,Keri,1 Maple Wood Junction,054-491-3594,krosenkrantzbv@bizjournals.com
472670854,Cordi,869 Daystar Crossing,055-363-8623,crennbw@barnesandnoble.com
211079957,Cyndy,4 Ronald Regan Road,058-517-5405,ceverexbx@plala.or.jp
296847238,Townie,4840 Fuller Point,053-142-6210,tegarby@army.mil
420469033,Emory,4 Tennessee Drive,052-770-4793,ehannbz@nsw.gov.au
298030771,Denna,1749 Melby Court,053-092-8260,douletc0@gnu.org
918205526,Aleen,8 Ridgeview Lane,057-360-4516,amacshirriec1@a8.net
19680041,Tirrell,24553 Buena Vista Street,058-590-8196,tfrancac2@barnesandnoble.com
731869011,Park,38 Gateway Point,051-445-8082,pdelafeldc3@timesonline.co.uk
522187667,Elbertina,5530 Declaration Court,056-906-3338,ebeachampc4@hud.gov
448147790,Jase,8 Lyons Street,058-003-1954,jlampaertc5@whitehouse.gov
261069289,Hurley,7 Stephen Point,058-901-5221,hkencottc6@icio.us
983592051,Oates,89297 Vera Point,054-459-4990,ofesslerc7@wiley.com
286211840,Balduin,596 Jackson Road,059-102-5976,bmanicomc8@google.com.au
546410484,Rodolphe,6 Almo Terrace,056-305-9768,rjedraszczykc9@eventbrite.com
336710027,Sheff,9915 Stuart Court,059-922-6798,sshasnanca@buzzfeed.com
894567848,Lissy,06333 Gulseth Park,059-224-8776,llingwoodcb@sphinn.com
830766990,Hobie,328 Haas Place,051-884-5799,hbensleycc@pen.io
78983718,Levon,139 Mifflin Street,052-276-0837,lhydechamberscd@creativecommons.org
451786191,Lane,04086 Village Green Place,054-670-3319,lclaridgece@ucla.edu
315490203,Elyssa,79804 Lake View Pass,053-195-9752,ecorballycf@ucsd.edu
739444142,Claire,63 Bowman Parkway,056-928-2310,caventcg@pen.io
14090064,Vale,4662 Rowland Park,058-650-1523,vgrestiech@edublogs.org
671355305,Catina,96635 Truax Hill,054-324-6283,csaunderci@macromedia.com
937080865,Vincenz,66117 Hooker Parkway,059-910-8207,vsturdgesscj@moonfruit.com
255538924,Carla,6 1st Point,057-008-0639,cvaggersck@fema.gov
842096088,Josepha,0391 Warbler Court,059-156-4517,jfoxencl@wisc.edu
70747705,Patrick,718 Birchwood Road,059-580-0430,pdemangeotcm@toplist.cz
355499699,Margarete,98 Moland Circle,053-513-4574,mcarrabottcn@ebay.com
452384259,Charla,392 Merrick Drive,057-994-3943,cstaigco@home.pl
934612721,Ophelia,5368 Gerald Place,055-397-0404,oscotlandcp@cloudflare.com
473106400,Clair,946 Red Cloud Road,051-765-1733,cessamecq@ycombinator.com
784477305,Lisbeth,8 Green Street,055-726-2579,lcoppincr@typepad.com
38340351,Boycie,2 Harbort Hill,054-658-8166,bmustardcs@accuweather.com
450996198,Maud,44 Messerschmidt Trail,050-000-3166,mdonawayct@netlog.com
748146646,Mirelle,351 Kenwood Street,056-925-1201,mpinkecu@ameblo.jp
454403192,Orville,8865 Dakota Alley,059-117-9975,ohockingcv@netvibes.com
667685197,Mar,28814 Farmco Plaza,057-328-8335,mcalabrycw@wikimedia.org
509565171,Drusie,04 Heath Pass,057-116-9273,dflookscx@biblegateway.com
984552341,Blisse,54 Sullivan Point,051-281-7074,bbarbercy@vinaora.com
590217211,Kellyann,22 Ruskin Road,054-475-9931,khugonnetcz@arizona.edu
15377403,Chelsea,8750 Petterle Crossing,053-544-8491,cpetzoldd0@w3.org
720029785,Danna,36672 Carpenter Junction,050-973-8695,debbettd1@wunderground.com
107344717,Travers,97 Westerfield Street,050-365-4003,tfendd2@netscape.com
499566956,Hillel,1 Forest Run Parkway,058-903-7777,hmoneypennyd3@psu.edu
248526869,Isabeau,39 Thackeray Point,050-389-2161,ijeaysd4@google.ca
138932380,Sarina,94 Corry Junction,055-245-8901,scaland5@msn.com
893232250,Norry,23 Ryan Terrace,055-836-9675,nforsond6@netlog.com
69267379,Geri,2151 Fisk Hill,052-552-2951,gacunad7@go.com
459448924,Glendon,3 Towne Parkway,059-405-6622,gradeliffed8@paginegialle.it
12529110,Jemimah,2938 Lighthouse Bay Trail,055-283-6985,jdesortsd9@yelp.com
276211379,Robby,1319 Stephen Hill,057-126-0976,rwanklinda@scientificamerican.com
784560861,Candice,7 East Drive,058-419-0345,chearnesdb@w3.org
107231751,Delano,841 Talmadge Court,053-432-4649,dtargedc@google.cn
73368502,Polly,91006 Judy Terrace,050-109-5403,pgiorgeschidd@forbes.com
925382962,Jenica,86 4th Avenue,054-505-3898,jthunnercliffede@ca.gov
795730,Arte,9 Monica Hill,051-870-5263,ajergdf@lulu.com
568836590,Malcolm,206 Lillian Parkway,057-498-4122,mtidbalddg@arizona.edu
824465085,Davis,2186 Monica Junction,050-330-7869,dgorstdh@dedecms.com
658451015,Henrietta,0019 School Center,050-607-7896,hrowettdi@wp.com
711207834,Erv,476 Crownhardt Plaza,053-086-5951,eaudendj@webmd.com
528607828,Jermaine,42 Elgar Trail,050-615-6179,jbrickhamdk@goo.gl
461339803,Dede,77 Northland Park,054-796-5581,dmcgiffindl@msu.edu
794493916,Artur,47 Clyde Gallagher Junction,050-140-4409,apretoriusdm@netlog.com
772516013,Cort,50 Holy Cross Pass,059-088-1942,cdumbltondn@webs.com
539530891,Axel,30 Hanover Plaza,055-959-2979,abutlindo@posterous.com
933300390,Ky,59 Donald Center,052-485-5411,kloughmandp@netvibes.com
685382137,Ashia,4 Pawling Circle,056-789-6373,akilldq@squidoo.com
721951603,Renaud,8 Rowland Alley,059-199-2384,rivakhindr@geocities.com
891806996,Aldrich,2785 Heffernan Trail,058-163-3017,aallenbyds@mac.com
308339299,Wilmette,027 Columbus Junction,059-729-6918,wlorenzettodt@tinypic.com
274099827,Gian,09 Morrow Drive,058-500-4428,gtoplindu@yellowpages.com
674326849,Yance,62129 Grasskamp Plaza,054-265-0310,ykilmasterdv@irs.gov
