ID,NAME
7511,Yul
2233,Jordon
2774,Gerick
2485,Joscelin
3450,Darren
9461,Suzy
6932,Therine
2973,Anatollo
6280,Kingston
5121,Myra
8739,Allx
6528,Dotti
4852,Celestina
9933,Gabriello
9491,Phillis
8486,Tiler
8678,Alano
1352,Davidde
6052,Gardy
4096,Austin
8906,Hilliard
6938,Say
9368,Eleni
6533,Hal
1055,Lucine
3609,Honoria
4831,Ugo
4824,Harwell
6031,Megan
5236,Darrel
1998,Otes
4678,Janette
4056,Xaviera
2069,Gordy
2176,Cherri
2451,Kaspar
7749,Ansell
9709,May
5281,Leonardo
5686,Belita
9742,Aloise
7128,Linc
8554,Chloette
8023,Mick
1840,Jerrylee
3410,Karl
545,Winnifred
8341,Kenneth
2583,Gabey
1395,Filide
9065,Tillie
9616,Octavius
5702,Ely
83,Waldo
9682,Bale
8469,Fee
199,Arri
4927,Owen
1645,Ellette
3043,Peyter
5530,Arman
822,Jory
6559,Abby
8000,Sandi
4615,Rebecca
9681,Ilka
3484,Broddie
5959,Ava
3310,Loree
1912,Rozalie
8854,Kettie
4530,Cassie
4050,Laura
4330,Matthieu
5378,Nanice
6034,Blinni
9921,Gil
3155,Jeana
848,Fred
7284,Pieter
5569,Veronika
8516,Kendell
2713,Randy
3077,Lay
8373,Hill
1142,Matthieu
6688,Quent
9425,Selene
8526,Jerry
1489,Terrijo
8833,Teddie
8467,Mimi
5198,Garold
4887,Jacinda
7187,Katharina
4421,Meris
442,Carena
9041,Bella
4150,Vergil
3314,Guilbert
4631,Nomi
822,Rebbecca
7284,Dru
4804,Alfons
8691,Hilary
4310,Gabriel
6953,Boniface
2529,Shep
628,Paulita
2932,Kipp
3807,Donella
663,Eda
6914,Teri
4952,Falkner
2511,Shoshanna
6977,Kaile
5972,Miran
584,Cayla
454,Faydra
8710,Francene
9497,Luci
2016,Patrick
8229,Tyrus
604,Nap
2840,Kenna
6278,Bron
531,Lorenzo
2927,Philip
6910,Lishe
4233,Pris
6805,Radcliffe
9321,Myrna
6469,Amy
1968,Hobart
6365,Crissie
7667,Chandra
3398,Gipsy
4080,Rina
771,Eunice
1945,Beau
1630,Pace
9975,Aldus
3492,Timothee
7194,Cristen
2511,Braden
283,Currie
1095,Brier
7734,Gregoor
5738,Hartwell
579,Elinore
1341,Vallie
9168,Pier
9734,Fairleigh
8733,Reine
2128,Malena
6241,Denni
1748,Aundrea
1221,Ezri
7520,Calv
9876,Rivy
3437,Jemmy
4035,Lissie
3701,Goldy
590,Madison
1143,Trenton
7772,Say
7494,Devan
927,Mahmoud
5715,Marlyn
2107,Natty
4997,Arlie
7769,Jacqui
2805,Kellia
6551,Timothee
4894,Derril
1193,Zelma
207,Bradley
6093,Fulvia
9802,Odie
8557,Alina
5642,Chickie
2673,Margarette
9980,Debi
6167,Antons
5723,Mel
224,Conny
5980,Aguistin
9685,Renaud
4879,Xylina
4786,Cly
1901,Ellary
7629,Forrest
8947,Merle
76,Vonnie
5753,Cari
7101,Jamal
7254,Ebeneser
3090,Estevan
9745,Titos
2474,Duncan
8646,Basia
3311,Tory
6764,Juliet
3817,Vaclav
2581,Enrico
709,Hercules
3544,Rene
9308,Cullin
3804,Charin
6554,Chrisy
797,Natassia
8701,Gabriella
4095,Zachariah
5951,Englebert
9985,Ethelind
5006,Waldon
4525,Jenna
730,Carmon
1260,Berk
4439,Gardiner
3812,Rheba
1199,Tabbatha
8672,Hasty
8748,Bendicty
5731,Jarrid
9755,Max
8218,Cherin
9373,Keven
7566,Randie
5814,Jocko
8022,Kearney
2349,Corey
7339,Freda
7635,Willem
1470,Sondra
589,Sula
9907,Catha
8192,Jill
5373,Carroll
687,Alvan
5867,Margalo
2408,Louella
1047,Elyssa
7917,Callie
4074,Joellyn
2470,Ange
2095,Adams
7347,Frederic
2819,Zenia
8045,Lian
7932,Muhammad
1927,Urbanus
4410,Gun
5590,Rosette
7530,Wain
5,Eugenie
697,Kimberly
9215,Rudolph
1639,Godfree
2804,Gun
9808,Dannye
7300,Rois
4580,Lexine
2546,Umberto
6622,Brennen
8889,August
5352,Amabelle
3011,Saba
3705,Trev
6538,Dilly
4654,Randy
9635,Nerta
7747,Mahmud
3927,Hinze
6250,Rollo
8339,Osborn
2794,Kay
2832,Madelene
6983,Lanni
9949,Charmine
2591,Harri
9015,Urbanus
9471,Adolph
1641,Atlante
8881,Richmound
4951,Neel
2334,Shae
1965,Shandeigh
1206,Gayle
3051,Hinze
9840,Nanette
8129,Antons
7603,Carly
322,Wat
4404,Leese
7085,Fanchon
5094,Imogene
978,Gideon
218,Meghann
7393,Donica
8639,Zebadiah
2319,Theressa
7141,Esdras
5222,Celinka
5300,Mack
705,Abdel
2504,Gayla
5210,Zelda
8223,Kermy
344,Cindee
6855,Gertrude
5170,Jillane
4154,Ruthanne
169,Correy
2284,Windham
4837,Cooper
5902,Marti
9640,Kassi
3530,Antonin
5557,Karena
6338,Andris
6752,Patrica
3406,Wells
6564,Chiarra
6380,Peta
9631,Ertha
2639,Tania
7337,Rory
2487,Farr
199,Hilda
7655,Tamqrah
4089,Yankee
8424,Frederick
923,Godiva
6315,Tiffani
6342,Shena
783,Trent
6440,Valerye
6489,Virgie
1609,Alene
2234,Robbie
7904,Durward
1912,Dyan
2708,Mareah
8732,Ruthy
9800,Katrine
9164,Victoria
3848,Harri
4401,Kipp
2487,Erie
9562,Bing
6530,Charley
4667,Jacquenette
7673,Tristan
5754,Adelaide
7475,Ruddie
7979,Eydie
1791,Lucky
7697,Sidnee
397,Lombard
6307,Ashely
9782,Donnamarie
640,Tobye
2459,Tremain
6902,Jefferey
8840,Harrie
795,Federica
3848,Velma
4771,Caye
1387,Ricki
313,Norean
5351,Yehudi
6082,Jamison
7607,Eugenia
7910,Paulette
2967,Gwyneth
2151,Asia
31,Meredithe
914,Letisha
2706,Jan
8198,Demetrius
6624,Ulrica
2804,Valli
7039,Goldy
3202,Scottie
6860,Algernon
4935,Chandra
3610,Magdalene
7015,Marie
4113,Allyn
4766,Carrie
1751,Antonina
1992,Ettore
9410,Parrnell
7772,Jeri
378,Jessamine
8685,Avictor
9968,Franciskus
4599,Coretta
2811,Faun
3089,Vidovik
7360,Cicily
1784,Alisander
6184,Drucy
832,Westbrooke
4816,Laina
435,Early
4331,Devi
975,Daveen
982,Cassie
9472,Becka
7421,Leicester
3341,Christina
5792,Rivy
2932,Cicily
8232,Joellyn
3147,Yulma
7325,Leeanne
1095,Zondra
541,Gusti
4752,Jared
1072,Ula
1426,Sadie
217,Glyn
3188,Lorena
2863,Birdie
8852,Marney
8191,Alessandro
2008,Rowen
4204,Philis
7071,Gerald
1584,Constantine
7986,Margarete
20,Normand
881,Charis
7219,Gilbert
9084,Celina
7763,Yehudit
8082,Teddy
4977,Fidelity
9788,Joby
1253,Hilliary
7218,Chickie
52,Dede
9539,Van
8376,Binky
7134,Dore
9871,Josselyn
2030,Rois
8264,Jeanna
9066,Tessa
6176,Kile
847,Jerrie
3360,Lars
29,Deborah
4531,Donavon
5806,Jessalin
6738,Caye
5342,Byron
6194,Marcus
4393,Lulu
4362,Bradly
3966,Lawrence
6574,Ferdy
3431,Nissa
7467,Desmund
2478,Aluin
6776,Oneida
1563,Giselbert
4757,Lutero
6685,Codi
1583,Persis
6069,Karrie
7084,Aguistin
2020,Titus
9116,Bronnie
6043,Glenn
7241,Edita
2138,Elora
6428,Adriaens
6274,Kirstin
2129,Lucienne
5813,Francyne
4478,Lowrance
8819,Bette-ann
1066,Golda
1489,Dag
7529,Nester
7986,Marven
2810,Lianna
9065,Web
2381,Talia
6803,Corabel
142,Shaina
9867,Bartlet
7399,Pancho
9053,Judah
9733,Preston
794,Claude
4674,Rikki
