id,first_name,last_name,email,phone_number,is_verified
4723846,VCVBAG,EHCYDZAO,fastg@demo.com,+62 830968144,yes
7602999,OBJBZH,FLHWHAIA,evrbg@example.com,+62 869167500,yes
1687417,JMYVCW,VXZOXJOJ,cwdcl@test.com,+62 874958679,no
7121134,PVRWRD,XAKMMIZU,oeums@example.com,+62 856856157,no
8770600,BDHLMB,TQZWVTBB,reqak@example.com,+62 895603060,no
4332718,POZDAY,YCMEJNMR,odrgj@test.com,+62 892966844,yes
8834085,RYFFHO,QXCNMQAB,evxnm@demo.com,+62 847039227,no
5239074,RMSQIW,FYYHBRYA,gidkx@demo.com,+62 827067096,no
8420980,DOTAOW,KXIXYOIF,mbiey@test.com,+62 821633239,yes
6075878,UAJRVH,NPLULISP,rrpoa@example.com,+62 898696595,yes
4298698,LVIOMO,ETBRRKOL,cntjx@example.com,+62 849946067,yes
7780649,OAMPNR,PWAGEYHN,wpzdh@example.com,+62 888342246,no
4588801,OBVSVK,NSGGLOIX,ryxos@demo.com,+62 863808435,no
5885633,IZSMQB,WAQJUHFL,cgmjt@example.com,+62 858016029,yes
6607671,CPQHPA,BALUNBPS,samfm@test.com,+62 844206418,no
1514016,MDORRI,OTBQSGNY,aprsr@test.com,+62 879493043,no
4553294,NIHBRA,NWHDIKEU,hbzvr@example.com,+62 860815415,no
9431422,MAPIPA,UPBPNHSO,pjiih@test.com,+62 821738910,no
2704681,YAQSDN,RUCWEUPD,jzkbk@example.com,+62 883661997,no
7582581,PVFGGK,XRWBQNTM,tmudt@demo.com,+62 873114396,yes
5655096,SQJLIG,BUIOYGQU,rdfdz@demo.com,+62 824021224,no
9726509,ZOJXUM,NPEZZIWH,sjymx@test.com,+62 889450517,yes
7265195,FYEKLL,PGGAMEEK,fkjsc@test.com,+62 854518142,no
7810448,TMRFBR,KYBVZBSC,jmgup@demo.com,+62 899148349,no
3804681,QVUCXA,STEDITNI,zxmuz@example.com,+62 899848401,no
6923812,OOFEPI,WRHYBODT,kjcbc@test.com,+62 880442288,yes
5467104,EVAGKB,HSQNEJNZ,fwboe@test.com,+62 831322935,no
5033990,MWMGED,UBCVMGGJ,fjbun@test.com,+62 852761383,yes
6167855,XGIVOO,YYBFHTJE,vzgen@demo.com,+62 851406098,no
6649615,CJTFXS,LHZNWRYL,lgkik@test.com,+62 898531546,yes
5025974,TVNASQ,KQOZCIFJ,fknjk@test.com,+62 814286489,no
4565447,KKGKBM,JXFIPRIZ,dpvxn@example.com,+62 819325048,yes
4451779,VNELDM,LGQOTYLW,fegzc@demo.com,+62 895957967,no
4476775,HXGYKZ,JPJRMXHI,nivjj@test.com,+62 867509105,yes
1796116,AJQCHI,HHIEMXKT,gfrtt@test.com,+62 858603832,yes
7235977,APIBQC,QHPGCCOS,vkzme@demo.com,+62 844811067,yes
2959133,TBTGVP,OKXNHLVV,ejzhi@test.com,+62 856490275,no
8640712,PLVUYW,JRTMANHV,suggm@example.com,+62 848437547,yes
7233458,BQOHXM,LNFXYHHY,bscdj@test.com,+62 833873982,no
4912283,FVRKZL,OASAIWFF,eeupi@demo.com,+62 835284469,no
6400068,XODJIL,REYWGZRN,eohgf@test.com,+62 851208890,no
2488319,RUHCWJ,JYDDHCKO,tubpw@example.com,+62 837050894,yes
4254157,HIRFXR,JSGMDKRK,bsbyc@test.com,+62 847387188,yes
9176129,AUGCBC,TFHZXEBF,iispf@example.com,+62 872052107,no
4965362,FXCALS,HSNSCPTI,kjeed@test.com,+62 892794655,no
8627508,JYAUTM,VQZTJTWE,bvzue@example.com,+62 838472791,yes
5804069,WGDOOU,TFKUGJMC,mgswt@example.com,+62 899371295,yes
6498341,YOBLYK,EBMLCEKM,sjhuu@demo.com,+62 827915684,yes
8284055,XZRXLT,POECYRFF,vhlpr@test.com,+62 888431073,yes
8497477,JMFHKL,QNWXAQMM,yfzvd@test.com,+62 888529391,no
6516326,VVRBCO,MSXWUEEA,rjnoh@example.com,+62 876412495,yes
9682599,UBTSNP,TVKQKRMQ,nuzws@example.com,+62 813253245,no
7347132,WNMHYB,BUWYUGPP,ltfst@demo.com,+62 885214911,no
4218102,SSVPSE,GLZEREQA,iztum@demo.com,+62 873417193,no
8046879,ECBERZ,BVFLZWIO,nyzzy@example.com,+62 814705171,no
7213483,ZKKKZB,QBCKOMBK,plkqw@example.com,+62 895922327,yes
8020048,ZJETPK,ESPPQEMW,xrsai@example.com,+62 891985310,no
4664299,PQCOAY,FXUZDDAW,lzwue@test.com,+62 856271875,no
7200561,LZARGJ,SBFTDAMY,fqqet@example.com,+62 813132213,no
7465772,WYISUL,ONPBRAMH,ypkny@example.com,+62 843296750,yes
6107905,LTEGEZ,QEFPTMOC,ggesa@example.com,+62 895020972,no
9393823,KBGJJP,JVVJPVVG,wqxze@demo.com,+62 840460958,no
6583888,NODXGU,SABUGIMY,jedet@test.com,+62 897742146,no
2694045,KEYGCO,SWZDBMNA,cpkoc@example.com,+62 859194510,no
7192899,QTFOWP,NEMXSKNV,mqiud@demo.com,+62 848666637,no
8695525,RQLLMJ,WICHJQGR,mwbgo@example.com,+62 850934455,no
2927077,NGNOXH,LSAJZXNJ,nxrah@example.com,+62 878303762,no
8649404,ZMBIZD,UISLMDII,ojrkg@test.com,+62 858073832,yes
3408650,GDDRCW,YEYAMCWA,aiydu@test.com,+62 888972789,yes
2458317,VQUVIV,WKMGCENB,pctvx@test.com,+62 876067087,no
3074505,PSUJEB,KNOCKLLS,eohwf@demo.com,+62 832853033,no
4599313,IMZRMO,DBJZTLNI,lwois@demo.com,+62 843310548,no
8003653,OELTER,XADECRLF,qsiga@demo.com,+62 867746919,yes
5891500,NQUIEV,SUTBAQLO,snnfa@demo.com,+62 835366454,yes
3707886,UGCXAL,PYWKZJIF,fkrig@test.com,+62 847455479,yes
2062498,YCOKSA,SLHGMPZS,qcnvm@demo.com,+62 842675465,no
3094327,PHGXCU,EKJBNGFQ,myqdn@test.com,+62 841860742,yes
3773586,GJYCDP,KURQYIBP,vbbwe@demo.com,+62 894140111,no
7322424,YMFDTU,AFCCVWOV,hvjcp@test.com,+62 842808287,yes
6477391,NJZRLK,URGNJDJE,klwyk@test.com,+62 835878742,no
9465231,NMOPAC,BPULGMYS,ejnuh@demo.com,+62 833360797,no
9364555,CXLCWW,VGDTAHHU,iukbu@test.com,+62 826383123,yes
7833952,LUUBAI,OBAFSHBE,wmhig@demo.com,+62 857440413,no
4578856,LBCBGF,HVCXUPDC,odhju@example.com,+62 861708290,yes
5849842,OQHWCP,MZGMQSCU,wvfxy@test.com,+62 869548181,no
8557757,WFXYUR,AMZKMJIY,elbti@example.com,+62 869718620,no
1256105,DVNGBK,FZXZEMSM,dvabt@example.com,+62 830477924,yes
3149445,PICJAD,QQKOWWKK,kkjwe@test.com,+62 835871547,no
1325863,BVNIIU,TGCNKCKB,gnmsr@demo.com,+62 849410349,no
1403838,HEBQRZ,RXGYRZIB,kwyik@test.com,+62 885235939,no
1811187,ZHVVPI,SHAHBIMG,gcfej@demo.com,+62 819431353,yes
3200751,OOHJKI,EKNIWWDR,lhxlz@test.com,+62 898772225,yes
8956397,NNZKCO,MLYYFHZY,oxjzy@example.com,+62 847121830,yes
2324037,LAGMPP,DWXWVWXE,zcyzv@demo.com,+62 863269903,yes
6275968,TBPLDK,OGDRBMKC,huzkw@example.com,+62 886860207,no
9783435,ZVCAXM,SHRRSRBO,oplmd@test.com,+62 863394249,yes
2134731,JSCKRV,RTPUDMND,ofcgq@demo.com,+62 855230102,no
3915287,PRTWAI,YIZTXGUK,lmsld@example.com,+62 850883840,yes
6488399,JQOTXX,UDYRUQLE,zbttq@test.com,+62 823116734,yes
6242129,NNWOGT,ZOFZDERE,wunli@example.com,+62 841091020,yes
