5720,Mervin,961 Charing Cross Avenue,056-341-0274
3298,Miller,24418 Delaware Junction,051-839-6458
2808,Myrwyn,703 Washington Drive,058-796-1118
6902,Gardy,156 Grayhawk Court,058-413-7189
5280,Neil,39 Chive Court,052-373-0054
2155,Dorian,88561 Grim Pass,054-683-1978
9539,Matti,616 Summer Ridge Trail,052-162-6679
8726,Tilly,708 Anzinger Plaza,056-782-3571
6417,Morganne,5563 Sundown Pass,052-845-1109
2372,Neale,80 South Court,051-680-6757
1428,Rafe,038 Monica Point,059-781-8048
3338,Leonanie,00 Logan Point,053-504-0298
9142,Aguste,243 Mayfield Alley,053-390-8254
8300,Adella,2 Cottonwood Avenue,055-331-3163
6694,Harlie,424 Fairfield Lane,055-417-5310
8670,Estella,5 Paget Pass,053-363-9194
6354,Rabi,85949 New Castle Point,052-191-2690
0828,Lottie,20 Amoth Way,055-229-8282
9022,Webb,6019 Prentice Plaza,052-507-0851
1157,Neville,52634 Norway Maple Point,059-430-3121
1359,Latia,85 Sutteridge Lane,050-570-1730
9251,Holden,0 Mcbride Trail,054-362-0748
2009,Malina,86 Talisman Crossing,058-992-8493
7562,Oswell,854 Sycamore Center,058-866-3154
1990,Steward,04 Spaight Hill,059-622-6645
7638,Ardys,94 Talmadge Trail,050-725-8872
6368,Kacey,21884 Kinsman Avenue,053-878-5443
6347,Andrus,636 Tennessee Lane,057-684-5086
5631,Frants,103 Carey Way,050-011-6963
2862,Barny,60546 Golf Drive,055-289-9973
2802,Blisse,99368 Cascade Hill,056-485-5257
9938,Misty,83274 Hagan Trail,058-058-7747
5249,Eda,0200 Manitowish Plaza,055-397-6906
1466,Andy,39 Tony Pass,052-462-0927
5011,Darsie,927 Gale Hill,059-280-9062
9104,Zacherie,69 Eagan Junction,056-051-6156
4395,Raff,11 Mitchell Circle,056-441-7523
6026,Haily,92 Mifflin Lane,059-932-1112
2113,Abel,7 Anniversary Junction,054-070-9190
2376,Melisenda,22570 Mosinee Crossing,058-353-8934
8245,Nananne,470 Thompson Pass,058-248-6710
6831,Tove,03550 Raven Point,058-213-0312
3411,Mendy,5 Pleasure Park,059-274-6583
1965,Hannie,22402 Michigan Pass,052-238-6384
0879,Jade,6 Park Meadow Parkway,056-543-9087
6518,Linnell,0611 Hoepker Avenue,051-917-8701
1736,Jeromy,724 Schlimgen Court,052-793-0868
6284,Rachel,1 Merrick Alley,057-946-2635
4733,Gabbie,47343 Dahle Alley,056-074-2038
8641,Cordi,57 Everett Court,058-815-9136
1158,Edyth,29 Cottonwood Avenue,050-509-6025
0957,Erin,7 Prairieview Terrace,056-190-3393
5694,Reagan,38 Scofield Street,058-086-2530
9859,Shirline,0 Stephen Pass,050-078-7470
2905,Reeva,9521 Randy Parkway,052-070-4687
6917,Ginnifer,1360 Forest Dale Pass,057-204-4302
4399,Freddy,5 Bultman Terrace,059-602-4924
2854,Rog,4871 Oneill Parkway,056-355-0198
5811,Demetris,40136 Golf Park,057-770-4133
0869,Gifford,82257 Annamark Drive,053-348-6384
3237,Scotty,7689 Fieldstone Center,059-685-8793
9892,Guthrie,325 Vidon Park,055-028-2709
1441,Wendall,899 Rowland Terrace,053-731-8758
7381,Sammy,74 Comanche Alley,057-086-9353
3202,Emlen,40350 Lakewood Gardens Hill,058-058-3531
6733,Klarika,4 Shasta Court,059-452-0283
5196,Beauregard,91130 Banding Terrace,054-026-7479
6672,Rasla,45 Warrior Park,055-591-4502
3396,Owen,28141 Hazelcrest Drive,055-648-9245
6844,Pippa,5176 Karstens Trail,050-436-7866
2082,Torrin,668 5th Point,058-225-2611
6576,Wit,5484 Monterey Trail,050-124-0963
0527,Gav,7347 Lunder Point,053-129-1747
1303,Essa,228 Armistice Drive,054-493-9819
2888,Bill,22530 Cascade Hill,055-125-3105
3084,Shandy,63 Maple Wood Parkway,055-440-4882
9169,Alon,36993 Hazelcrest Avenue,059-583-5313
9761,Dorisa,8420 Sachtjen Court,055-626-5076
9215,Colline,8 Pennsylvania Pass,051-648-6919
1039,Mollee,183 Thackeray Terrace,056-747-6790
1875,Bab,446 Starling Center,056-401-2645
6610,Lynelle,88317 Hoard Road,052-923-4157
5869,Georgianne,65832 Hovde Terrace,056-423-5155
4303,Blakelee,8688 Anhalt Park,053-571-0931
4027,Mathe,38100 Canary Court,056-192-6783
7290,Wyn,98857 Blackbird Pass,051-040-9979
9961,Kile,8 Browning Point,058-338-6710
1551,Asher,26035 Hazelcrest Road,054-939-2767
9592,Rene,32387 Roth Pass,055-755-8360
1871,Carlin,2 Lillian Place,056-603-1291
0100,Nona,203 Bartelt Terrace,056-070-6037
6887,Mufinella,2 Heath Lane,053-357-1746
6087,Gabriele,7448 Clemons Plaza,051-390-9012
3118,Rudolf,6 Saint Paul Place,053-704-8181
4004,Mycah,7574 Russell Street,057-783-9154
0925,Afton,956 Swallow Crossing,052-094-8787
8060,Alfie,51 Lyons Circle,055-599-9692
7697,Jo-ann,7955 Redwing Crossing,059-882-3679
9767,Belinda,377 East Crossing,050-250-0838
9222,George,887 Sachtjen Lane,051-046-5914
0277,Hewe,34 East Parkway,051-009-6510
8738,Pamella,8438 Lakewood Street,058-181-7308
9433,Casandra,97656 Darwin Court,058-140-9223
6753,Ester,6 Lotheville Avenue,057-653-2876
2905,Nora,49539 Cody Way,052-637-6180
5376,Callie,0 Packers Point,057-123-8873
7803,Prudy,9563 Magdeline Hill,050-068-2131
9220,Manda,2 Mccormick Lane,058-321-4467
9132,Krystle,061 Sunnyside Park,054-286-2442
7844,Lance,76 Morning Road,052-221-5863
8537,Keir,8996 Carpenter Hill,054-706-3933
4271,Zedekiah,81 Main Parkway,050-506-0261
3496,Elvin,7 Carioca Pass,059-344-5571
7030,Nana,709 Blaine Lane,052-801-1902
3857,Nanni,2 Debra Avenue,050-477-2442
3722,Jesselyn,46 Johnson Drive,055-614-7461
4842,Ivy,5795 Texas Terrace,050-274-4749
9320,Grace,616 Onsgard Crossing,051-280-4208
9024,Glyn,3324 Weeping Birch Parkway,059-014-7027
2768,Damien,255 6th Parkway,050-379-4028
5919,Dorian,6 Clarendon Park,057-375-9352
9806,Ingrim,3387 Alpine Court,053-188-2022
9672,Drugi,170 Independence Alley,053-234-1517
4443,Glenine,16389 Grasskamp Court,059-546-1181
6713,Ibbie,4 Truax Terrace,055-458-2595
3606,Fairleigh,43368 Bashford Road,052-565-4661
3203,Byram,355 Fair Oaks Point,052-836-4106
5199,Chrysler,266 Nevada Trail,054-490-2657
0212,Julianna,69 Maple Wood Avenue,056-208-3988
6668,Adan,54 Claremont Place,059-188-2291
1077,Marcelline,7363 Dapin Avenue,057-153-8822
6622,Dalis,9275 Sutherland Place,055-426-4342
9827,Jeddy,8777 Nelson Court,053-088-9002
8769,Terrel,04796 Dovetail Hill,055-290-3783
5666,Alain,2 Hooker Plaza,050-735-2367
9425,Teodoor,7936 Dixon Road,057-255-3373
0179,Ebba,18583 Summit Road,057-893-5716
5555,Claire,9280 Mosinee Junction,055-050-2021
1315,Fiona,47672 Holy Cross Road,059-622-1081
8199,Maud,62 Loomis Drive,057-543-6073
1391,Leticia,91 Caliangt Center,050-707-3615
2440,Karalee,879 North Hill,053-527-8004
6221,Janene,62 Golden Leaf Pass,057-185-2069
2028,Hakeem,844 Transport Crossing,053-788-5548
1436,Stefanie,45 Orin Point,050-595-8714
8597,Shanie,00441 Lien Center,053-752-1753
5742,Gerda,241 Lakeland Avenue,054-495-7047
3361,Antoinette,88635 Norway Maple Plaza,052-244-8803
6275,Shirl,07 Bunting Parkway,053-268-9542
0978,Bart,384 Glendale Pass,050-983-8582
0669,Dodie,05139 Del Sol Lane,051-361-3180
3459,Kelby,59593 Maple Way,056-017-4484
9957,Annaliese,4847 Grayhawk Crossing,056-012-1817
5693,Gerik,2523 Crescent Oaks Court,057-909-4387
0492,Penni,558 East Center,054-521-8804
7364,Kym,3 Vernon Court,056-042-6396
2784,Norina,68 Lotheville Hill,056-617-9728
5376,Nerissa,0 Annamark Place,056-033-5159
4635,Jolene,335 Sugar Plaza,050-591-1926
7584,Andree,3938 Gale Place,055-995-7961
9176,Cullin,27109 Bultman Point,059-828-3107
2348,Jonathan,81 Vera Center,054-096-3323
0800,Bendite,47 Troy Trail,052-447-4494
3171,Ardelis,75582 Harper Hill,055-968-5053
0103,Mandi,1422 Sugar Terrace,052-804-2573
2389,Aprilette,6 New Castle Park,056-728-3934
8669,Tiena,68 Ramsey Circle,052-419-2357
3805,Seymour,667 7th Street,054-810-3249
7699,Otes,9 Del Sol Way,055-691-1103
3785,Cyrus,98 Lighthouse Bay Park,059-200-6723
0816,Dixie,6 Johnson Pass,051-121-7795
0751,Merrill,77 Warbler Street,053-554-1419
4525,Galven,9002 Westport Circle,053-910-4331
9916,Alane,606 Rigney Avenue,052-805-0574
1800,Calvin,915 American Ash Crossing,058-435-0380
0687,Weylin,1 Alpine Junction,050-139-3787
2112,Ronny,3332 Hoard Court,058-567-2776
3255,Kaile,4 Hagan Terrace,050-222-1993
9875,Pollyanna,2 1st Road,052-503-2929
3069,Berte,62519 Merchant Lane,055-868-8424
8028,Jeanna,98268 Rigney Court,051-593-3498
2361,Fitzgerald,15682 Spenser Court,050-281-8674
8386,Freddie,525 Briar Crest Hill,057-955-1710
4566,Wilone,11025 Rowland Point,058-301-2391
7812,Amanda,44 Bartelt Plaza,055-113-4167
8128,Wesley,712 6th Circle,050-542-5910
9692,Knox,0 Jay Court,052-025-7696
4620,Julissa,97826 Moose Street,059-978-7026
3961,Kip,2 Charing Cross Center,050-914-2697
2905,Pascale,443 Prairie Rose Way,058-876-1372
2568,Tod,08 Saint Paul Circle,051-037-8670
3632,Patric,137 Pankratz Street,056-133-4036
0877,Abra,7 Goodland Place,059-788-0061
5231,Granger,9304 Forster Court,056-859-4607
2370,Reinhard,2 Helena Trail,055-340-7998
0758,Winifred,06569 Arrowood Junction,056-576-4659
3155,Mehetabel,53 Fordem Parkway,056-111-3840
1533,Ruby,825 Briar Crest Road,057-946-9963
8600,Bianka,744 East Court,056-885-4496
3718,Dewie,467 Linden Way,053-167-9655
